id,year,month,day,hr,min,sec,Lat,Lon,depth,Mw,time_date
1,2010,1,5,7,38,12,32.16,105.24,22,3.4,5/1/2010 7:38
2,2010,1,8,1,1,25,32.42,105.15,23,3.2,8/1/2010 1:01
3,2010,1,16,21,34,20,27.35,102.5,7,3.1,16/1/2010 21:34
4,2010,1,21,2,1,14,31.3,103.39,18,3.6,21/1/2010 2:01
5,2010,1,31,5,36,57,30.28,105.71,5,4.8,31/1/2010 5:36
6,2010,2,11,11,1,18,32.2,104.52,16,3.4,11/2/2010 11:01
7,2010,2,15,14,57,3,32.29,104.88,22,3.4,15/2/2010 14:57
8,2010,2,16,4,34,1,30.82,104.58,24,3,16/2/2010 4:34
9,2010,2,17,12,38,1,30.76,103.37,24,3.8,17/2/2010 12:38
10,2010,2,22,21,32,23,29.36,105.46,30,4.2,22/2/2010 21:32
11,2010,2,27,5,37,31,31.16,103.41,21,4.1,27/2/2010 5:37
12,2010,3,1,14,24,54,32.33,105.04,14,4.2,1/3/2010 14:24
13,2010,3,3,22,35,1,32.86,105.31,7,3.5,3/3/2010 22:35
14,2010,3,5,1,52,16,31.94,104.22,6,3.7,5/3/2010 1:52
15,2010,3,10,14,23,38,32.56,105.27,8,3.2,10/3/2010 14:23
16,2010,3,19,21,33,44,31.3,103.55,19,3.1,19/3/2010 21:33
17,2010,3,23,23,52,20,31.26,103.36,14,4.1,23/3/2010 23:52
18,2010,3,24,0,20,52,31.26,103.36,14,3.2,24/3/2010 0:20
19,2010,3,25,13,18,4,32.51,105.19,24,3.4,25/3/2010 13:18
20,2010,3,29,11,18,57,27.6,97.61,5,3.2,29/3/2010 11:18
21,2010,4,3,22,51,48,27.72,99.94,9,3.1,3/4/2010 22:51
22,2010,4,10,2,57,41,32.35,104.96,22,3.3,10/4/2010 2:57
23,2010,4,10,6,51,15,32.76,105.86,5,3.1,10/4/2010 6:51
24,2010,4,13,16,29,46,29.29,105.6,17,3.6,13/4/2010 16:29
25,2010,4,14,8,59,41,32.77,97.01,8,3.8,14/4/2010 8:59
26,2010,4,25,10,31,18,27.91,103.81,7,3.1,25/4/2010 10:31
27,2010,4,27,6,15,55,31.17,103.44,19,3.5,27/4/2010 6:15
28,2010,4,27,13,21,49,32,104.52,22,3.7,27/4/2010 13:21
29,2010,4,27,15,30,57,32,104.5,20,3.2,27/4/2010 15:30
30,2010,4,28,4,22,27,30.6,101.45,8,5,28/4/2010 4:22
31,2010,4,28,15,12,16,32.52,105.12,20,3.8,28/4/2010 15:12
32,2010,4,29,22,22,36,31.86,104.15,24,3.4,29/4/2010 22:22
33,2010,5,7,2,23,8,31.28,103.53,20,3.2,7/5/2010 2:23
34,2010,5,7,15,3,19,31.28,103.53,19,3.2,7/5/2010 15:03
35,2010,5,8,14,19,38,30.13,103.48,17,3.1,8/5/2010 14:19
36,2010,5,14,6,56,17,28.68,105.69,25,3.1,14/5/2010 6:56
37,2010,5,15,17,6,58,31.83,104.06,24,3.6,15/5/2010 17:06
38,2010,5,16,19,45,13,31.82,104.32,19,3.3,16/5/2010 19:45
39,2010,5,25,14,11,53,31.17,103.49,20,5,25/5/2010 14:11
40,2010,5,26,7,32,45,31.34,103.53,20,3.4,26/5/2010 7:32
41,2010,5,28,11,4,52,31.81,104.12,10,4.4,28/5/2010 11:04
42,2010,5,30,7,5,3,32.54,105.28,20,3.2,30/5/2010 7:05
43,2010,6,22,18,5,12,31.53,103.86,10,3.1,22/6/2010 18:05
44,2010,6,23,12,53,50,32.58,97.42,10,3.1,23/6/2010 12:53
45,2010,6,26,13,19,43,32.64,105.37,16,3.4,26/6/2010 13:19
46,2010,6,27,15,51,29,31.28,103.73,21,3,27/6/2010 15:51
47,2010,6,29,22,13,32,32.33,104.89,24,3.4,29/6/2010 22:13
48,2010,6,30,16,31,40,32.31,104.83,13,4.7,30/6/2010 16:31
49,2010,7,1,22,26,33,32.49,105.03,20,3.1,1/7/2010 22:26
50,2010,7,6,21,3,39,30.87,103.27,19,3.2,6/7/2010 21:03
51,2010,7,11,13,24,34,30.57,104.54,25,3.2,11/7/2010 13:24
52,2010,7,15,5,19,27,36.81,97.52,10,4.1,15/7/2010 5:19
53,2010,7,15,5,41,2,29.29,103.98,21,3.3,15/7/2010 5:41
54,2010,7,15,5,49,14,29.3,103.98,21,3.1,15/7/2010 5:49
55,2010,7,15,6,6,53,29.28,103.97,18,3.3,15/7/2010 6:06
56,2010,7,15,6,53,17,29.27,103.96,17,3.3,15/7/2010 6:53
57,2010,7,15,7,48,11,29.27,103.96,19,4,15/7/2010 7:48
58,2010,7,16,6,13,18,28.41,104.88,17,3.4,16/7/2010 6:13
59,2010,7,17,19,39,35,30.72,103.37,22,3,17/7/2010 19:39
60,2010,7,17,20,0,11,32.06,104.56,19,3.3,17/7/2010 20:00
61,2010,7,27,16,36,29,32.14,104.56,17,3.4,27/7/2010 16:36
62,2010,8,3,3,18,1,32.24,104.88,21,3.7,3/8/2010 3:18
63,2010,8,6,16,10,32,32.58,105.38,19,3.3,6/8/2010 16:10
64,2010,8,8,21,27,16,29.42,106.22,8,3.2,8/8/2010 21:27
65,2010,8,18,9,39,4,32.18,104.64,18,3.8,18/8/2010 9:39
66,2010,8,22,7,22,56,31.74,104.2,20,3,22/8/2010 7:22
67,2010,8,24,5,16,3,32.37,105.18,12,3.1,24/8/2010 5:16
68,2010,8,25,7,17,54,35.51,99.5,4,3.6,25/8/2010 7:17
69,2010,8,29,8,53,26,27.13,103.02,10,4.9,29/8/2010 8:53
70,2010,8,29,9,14,37,30.75,103.31,22,3,29/8/2010 9:14
71,2010,9,1,3,51,42,32,104.47,19,3,1/9/2010 3:51
72,2010,9,5,21,20,14,32.42,105.14,22,3.4,5/9/2010 21:20
73,2010,9,10,21,21,43,29.36,105.43,6,4.5,10/9/2010 21:21
74,2010,9,11,13,6,59,31.07,103.45,17,3.1,11/9/2010 13:06
75,2010,9,12,4,16,14,30.97,103.34,14,3.4,12/9/2010 4:16
76,2010,9,17,8,37,18,31.32,103.39,16,3.9,17/9/2010 8:37
77,2010,9,22,19,19,29,27.13,102.98,8,4.2,22/9/2010 19:19
78,2010,9,30,6,48,19,31.78,103.97,15,3.1,30/9/2010 6:48
79,2010,10,1,12,19,43,32.58,105.34,20,3.2,1/10/2010 12:19
80,2010,10,1,15,42,45,30.96,103.43,19,3.2,1/10/2010 15:42
81,2010,10,6,12,51,1,28.36,104.91,17,4.1,6/10/2010 12:51
82,2010,10,8,7,3,47,31.34,103.49,18,3.8,8/10/2010 7:03
83,2010,10,9,14,48,50,32.95,106.19,8,3.7,9/10/2010 14:48
84,2010,10,10,0,16,8,32.08,104.48,21,3.9,10/10/2010 0:16
85,2010,10,12,1,54,31,32.94,106.22,7,3,12/10/2010 1:54
86,2010,10,14,12,8,57,32.33,104.95,25,3,14/10/2010 12:08
87,2010,10,15,5,1,55,28.68,104.98,21,3.3,15/10/2010 5:01
88,2010,10,18,5,49,38,28.06,104.11,11,4.7,18/10/2010 5:49
89,2010,10,19,21,28,7,31.18,103.33,10,3.2,19/10/2010 21:28
90,2010,10,21,14,19,34,32.78,105.46,7,3.1,21/10/2010 14:19
91,2010,10,21,18,0,28,32.17,104.62,21,4.2,21/10/2010 18:00
92,2010,10,23,19,50,52,32.33,104.76,18,3.6,23/10/2010 19:50
93,2010,10,25,10,55,48,30.86,103.32,15,4.3,25/10/2010 10:55
94,2010,11,1,23,52,39,32.94,106.19,8,3,1/11/2010 23:52
95,2010,11,5,20,44,14,29.31,105.49,7,3.2,5/11/2010 20:44
96,2010,11,5,22,9,51,29.36,105.49,7,3.1,5/11/2010 22:09
97,2010,11,13,17,40,32,32.19,104.68,18,3.3,13/11/2010 17:40
98,2010,11,13,19,38,1,32.54,105.27,22,3.6,13/11/2010 19:38
99,2010,11,15,8,59,47,32.56,105.2,16,4.5,15/11/2010 8:59
100,2010,11,16,2,55,18,32.78,97.25,10,3.3,16/11/2010 2:55
101,2010,11,24,22,34,14,31.65,104.05,20,3.5,24/11/2010 22:34
102,2010,11,30,13,7,6,32.47,103.86,13,3,30/11/2010 13:07
103,2010,12,1,12,49,59,32.4,105.17,15,3.3,1/12/2010 12:49
104,2010,12,3,22,30,55,27.12,102.99,9,4.3,3/12/2010 22:30
105,2010,12,12,13,23,5,28.33,104.92,14,3,12/12/2010 13:23
106,2010,12,15,18,49,47,32.36,105,16,3.3,15/12/2010 18:49
107,2011,1,4,4,23,40,32.25,104.95,22,3.5,4/1/2011 4:23
108,2011,1,13,23,16,23,32.21,104.58,18,3.6,13/1/2011 23:16
109,2011,1,15,14,32,46,27.65,100.9,10,3.6,15/1/2011 14:32
110,2011,1,15,21,22,4,30.95,103.38,16,3.1,15/1/2011 21:22
111,2011,1,16,8,30,16,31.98,104.48,15,4.1,16/1/2011 8:30
112,2011,1,20,11,37,51,29,102.37,20,3.3,20/1/2011 11:37
113,2011,1,23,2,40,6,31.83,104.07,20,3.5,23/1/2011 2:40
114,2011,1,31,20,40,43,27.09,101.94,15,3.2,31/1/2011 20:40
115,2011,2,2,7,15,25,31.26,103.44,18,3,2/2/2011 7:15
116,2011,2,10,17,56,45,30.96,103.44,16,3.1,10/2/2011 17:56
117,2011,2,12,13,44,15,27.14,103.01,12,4.5,12/2/2011 13:44
118,2011,2,13,8,8,55,31.59,103.08,9,3.1,13/2/2011 8:08
119,2011,2,15,9,36,39,31.68,99.52,20,3.2,15/2/2011 9:36
120,2011,2,21,19,37,34,32.39,105.01,17,3.1,21/2/2011 19:37
121,2011,2,23,21,32,11,34.25,103.84,8,4.2,23/2/2011 21:32
122,2011,2,24,5,11,27,35.53,99.48,6,3.6,24/2/2011 5:11
123,2011,2,24,8,21,15,35.52,99.48,6,4,24/2/2011 8:21
124,2011,2,24,9,22,40,35.52,99.5,10,3.2,24/2/2011 9:22
125,2011,3,1,15,13,48,28.22,104.95,17,3.6,1/3/2011 15:13
126,2011,3,3,15,54,29,33.86,101.1,10,4,3/3/2011 15:54
127,2011,3,3,23,8,20,32.43,105.1,18,3.3,3/3/2011 23:08
128,2011,3,6,2,31,2,31.25,103.59,22,3.5,6/3/2011 2:31
129,2011,3,12,8,50,38,31.54,104.16,15,3.4,12/3/2011 8:50
130,2011,3,17,5,42,20,32.75,103.2,14,3.3,17/3/2011 5:42
131,2011,3,17,20,41,49,32.58,105.39,19,3.5,17/3/2011 20:41
132,2011,3,23,8,3,5,31.71,104.01,16,4,23/3/2011 8:03
133,2011,3,25,7,18,16,29.61,103.18,17,3.1,25/3/2011 7:18
134,2011,3,27,7,2,14,34.49,104.75,6,3.2,27/3/2011 7:02
135,2011,3,27,14,34,16,32.35,104.95,10,3,27/3/2011 14:34
136,2011,3,28,1,10,42,31.28,103.39,14,3.7,28/3/2011 1:10
137,2011,3,28,4,18,41,31.02,103.26,19,3.2,28/3/2011 4:18
138,2011,4,1,13,7,11,31.59,104.01,10,4,1/4/2011 13:07
139,2011,4,10,17,2,42,31.28,100.8,10,5.4,10/4/2011 17:02
140,2011,4,13,5,12,57,30.61,103.25,17,3.2,13/4/2011 5:12
141,2011,4,13,5,37,11,32.35,104.93,22,3.2,13/4/2011 5:37
142,2011,4,16,11,36,23,31.15,103.44,17,3.1,16/4/2011 11:36
143,2011,4,19,17,40,44,31.05,103.42,9,3.1,19/4/2011 17:40
144,2011,4,20,1,20,51,28.24,104.88,14,3.8,20/4/2011 1:20
145,2011,4,22,2,43,56,30.89,103.22,20,3.4,22/4/2011 2:43
146,2011,4,29,21,30,56,30.98,103.37,15,3.5,29/4/2011 21:30
147,2011,4,30,8,50,23,28.36,104.91,15,3.3,30/4/2011 8:50
148,2011,5,2,13,48,40,33.74,98.94,10,4.5,2/5/2011 13:48
149,2011,5,5,3,27,52,34.34,100.51,10,3.1,5/5/2011 3:27
150,2011,5,6,18,48,14,31.26,103.59,15,4.1,6/5/2011 18:48
151,2011,5,7,3,32,4,32.33,104.94,27,3.1,7/5/2011 3:32
152,2011,5,7,8,21,11,31.52,103.83,24,3.9,7/5/2011 8:21
153,2011,5,9,16,31,34,33.78,98.94,6,3.1,9/5/2011 16:31
154,2011,5,15,15,5,32,32.59,105.34,17,4.8,15/5/2011 15:05
155,2011,5,21,4,46,29,32.36,104.83,20,3,21/5/2011 4:46
156,2011,5,21,20,28,47,32.75,105.43,22,3.1,21/5/2011 20:28
157,2011,5,27,14,28,51,35.77,103.99,6,3.2,27/5/2011 14:28
158,2011,5,30,12,55,46,32.29,105.01,21,3.1,30/5/2011 12:55
159,2011,6,2,5,16,31,28.34,104.92,11,3.3,2/6/2011 5:16
160,2011,6,5,13,21,45,31.8,104.14,19,4.2,5/6/2011 13:21
161,2011,6,10,5,13,21,34.33,100.81,10,3.2,10/6/2011 5:13
162,2011,6,10,9,20,12,34.34,100.8,10,4.1,10/6/2011 9:20
163,2011,6,14,11,44,17,32.55,105.13,18,3.8,14/6/2011 11:44
164,2011,6,24,21,34,18,29.29,101.09,10,4.2,24/6/2011 21:34
165,2011,6,26,22,0,42,28.36,104.92,13,3.7,26/6/2011 22:00
166,2011,7,25,23,33,35,30,103.14,20,3.5,25/7/2011 23:33
167,2011,7,29,5,59,46,27.76,100.88,6,3.4,29/7/2011 5:59
168,2011,7,30,22,13,6,32.34,105.04,22,3.1,30/7/2011 22:13
169,2011,8,2,18,31,34,27.06,102.7,12,3.1,2/8/2011 18:31
170,2011,8,18,14,16,39,31.5,103.88,15,3.2,18/8/2011 14:16
171,2011,8,26,13,23,24,28.27,104.88,12,3,26/8/2011 13:23
172,2011,8,28,14,23,11,32.58,105.24,23,3.5,28/8/2011 14:23
173,2011,8,29,10,20,10,32.61,105.33,18,3.9,29/8/2011 10:20
174,2011,9,4,8,56,4,30.83,103.38,22,3.3,4/9/2011 8:56
175,2011,9,4,12,13,45,31.27,103.62,21,4.2,4/9/2011 12:13
176,2011,9,18,20,52,43,31.56,102.94,8,3.1,18/9/2011 20:52
177,2011,9,23,3,12,52,32.27,104.98,24,3.7,23/9/2011 3:12
178,2011,9,26,4,37,37,32.16,104.89,21,3.3,26/9/2011 4:37
179,2011,9,26,8,40,11,32.31,101.14,10,3.5,26/9/2011 8:40
180,2011,10,6,2,54,20,29.8,97.54,8,3.8,6/10/2011 2:54
181,2011,10,27,4,1,53,31.03,103.3,20,3.8,27/10/2011 4:01
182,2011,10,27,9,0,19,29.64,103.22,24,3.6,27/10/2011 9:00
183,2011,10,28,9,40,50,32.32,104.76,15,4.3,28/10/2011 9:40
184,2011,11,1,5,58,15,32.6,105.3,6,5.2,1/11/2011 5:58
185,2011,11,2,1,18,3,34.54,104.22,7,4.5,2/11/2011 1:18
186,2011,11,3,1,35,40,34.56,104.22,6,3,3/11/2011 1:35
187,2011,11,6,5,34,32,29.4,105.07,20,4,6/11/2011 5:34
188,2011,11,7,5,57,27,30.16,97.47,28,4.2,7/11/2011 5:57
189,2011,11,7,17,43,38,30.15,97.5,6,3.3,7/11/2011 17:43
190,2011,11,11,21,56,58,31.65,104.05,14,3.1,11/11/2011 21:56
191,2011,11,14,22,10,4,29.37,105.15,20,3.5,14/11/2011 22:10
192,2011,11,14,22,12,38,29.37,105.15,5,3.1,14/11/2011 22:12
193,2011,11,27,21,59,45,31.84,104.19,22,3.3,27/11/2011 21:59
194,2011,12,6,4,37,46,27.37,103.19,5,4,6/12/2011 4:37
195,2011,12,6,22,3,12,31.21,103.45,22,3.8,6/12/2011 22:03
196,2011,12,8,2,3,54,32.6,105.36,20,3.3,8/12/2011 2:03
197,2011,12,12,17,56,15,28.12,101.09,9,3.3,12/12/2011 17:56
198,2011,12,17,13,0,11,32.6,105.42,11,3.1,17/12/2011 13:00
199,2011,12,25,16,11,40,32.73,105.43,7,4.1,25/12/2011 16:11
200,2011,12,26,0,46,51,31.37,103.79,20,4.7,26/12/2011 0:46
201,2011,12,27,2,46,56,36.83,104.89,7,3.1,27/12/2011 2:46
202,2012,1,7,10,34,5,28.67,104.97,19,3.1,7/1/2012 10:34
203,2012,1,9,8,55,57,32.22,104.77,22,3.4,9/1/2012 8:55
204,2012,1,18,9,28,26,31.2,103.48,20,3.1,18/1/2012 9:28
205,2012,2,8,10,34,37,30.96,103.48,19,3.6,8/2/2012 10:34
206,2012,2,21,21,53,26,36.06,100.2,8,3.3,21/2/2012 21:53
207,2012,3,2,8,46,20,31.33,103.68,25,3.2,2/3/2012 8:46
208,2012,3,4,6,44,29,31.82,104.06,23,3.1,4/3/2012 6:44
209,2012,3,5,1,11,45,30.1,101.8,5,4.1,5/3/2012 1:11
210,2012,3,7,12,24,37,32.66,105.39,10,3,7/3/2012 12:24
211,2012,4,5,6,32,48,31.99,103.05,12,3.5,5/4/2012 6:32
212,2012,4,9,18,33,16,30.99,103.18,19,3.5,9/4/2012 18:33
213,2012,4,9,22,45,44,28.39,104.93,12,3.6,9/4/2012 22:45
214,2012,4,15,4,31,21,29.28,100.08,10,4,15/4/2012 4:31
215,2012,4,18,10,19,5,27.02,102.77,16,3,18/4/2012 10:19
216,2012,4,29,10,48,24,32.49,105.1,23,3.2,29/4/2012 10:48
217,2012,5,1,4,39,18,31.75,104.13,17,3.7,1/5/2012 4:39
218,2012,5,5,12,47,12,31.28,103.58,22,3.7,5/5/2012 12:47
219,2012,5,27,19,19,1,31.47,103.95,20,4,27/5/2012 19:19
220,2012,5,28,12,57,38,33.23,100.89,8,3.2,28/5/2012 12:57
221,2012,6,3,18,49,40,35.72,99.86,6,3.6,3/6/2012 18:49
222,2012,6,4,1,16,31,31.28,103.21,17,3.1,4/6/2012 1:16
223,2012,6,11,23,53,58,31.32,103.46,20,3.8,11/6/2012 23:53
224,2012,6,12,21,40,39,28.1,104.28,9,4.5,12/6/2012 21:40
225,2012,6,15,12,19,47,31.28,103.2,16,3.3,15/6/2012 12:19
226,2012,6,15,17,35,21,31.68,104.08,23,3.4,15/6/2012 17:35
227,2012,6,17,11,51,35,30.39,98.31,5,3.1,17/6/2012 11:51
228,2012,6,21,12,34,2,31.73,104.18,20,3.2,21/6/2012 12:34
229,2012,6,24,15,59,33,27.71,100.69,11,5.7,24/6/2012 15:59
230,2012,6,26,14,21,15,27.8,100.68,6,3.3,26/6/2012 14:21
231,2012,6,30,6,22,26,28.13,101.18,11,3.3,30/6/2012 6:22
232,2012,6,30,10,51,2,31.16,103.58,23,3.4,30/6/2012 10:51
233,2012,7,1,17,53,44,30,102.42,17,3.3,1/7/2012 17:53
234,2012,7,2,6,17,59,31.72,103.51,18,4,2/7/2012 6:17
235,2012,7,14,3,18,49,29.35,103.06,18,3.3,14/7/2012 3:18
236,2012,7,14,13,50,25,31.38,103.33,20,3.3,14/7/2012 13:50
237,2012,7,18,4,18,42,29.01,102.25,13,3.7,18/7/2012 4:18
238,2012,7,24,23,50,7,29.08,102.39,21,3.3,24/7/2012 23:50
239,2012,7,28,5,28,13,30.82,103.36,18,3.9,28/7/2012 5:28
240,2012,7,28,13,9,12,28.41,104.84,12,3.5,28/7/2012 13:09
241,2012,7,28,17,2,17,35.3,102.57,7,3.1,28/7/2012 17:02
242,2012,8,1,19,54,35,32.2,104.61,19,3.6,1/8/2012 19:54
243,2012,8,22,19,4,18,27.62,100.1,6,3.1,22/8/2012 19:04
244,2012,8,25,16,52,49,28.39,104.83,6,3.2,25/8/2012 16:52
245,2012,8,27,9,42,23,35.25,99.09,3,3.8,27/8/2012 9:42
246,2012,9,3,7,47,0,31.29,103.51,20,3.2,3/9/2012 7:47
247,2012,9,7,11,19,41,27.51,103.97,14,5.7,7/9/2012 11:19
248,2012,9,7,11,58,0,27.58,104.01,9,4.4,7/9/2012 11:58
249,2012,9,7,12,6,1,27.51,103.98,9,3.2,7/9/2012 12:06
250,2012,9,7,12,16,30,27.56,104.03,14,5.6,7/9/2012 12:16
251,2012,9,7,13,12,46,27.54,104,14,4.4,7/9/2012 13:12
252,2012,9,8,19,47,27,27.56,104,6,3.1,8/9/2012 19:47
253,2012,9,13,5,15,2,27.55,103.99,6,3.1,13/9/2012 5:15
254,2012,9,18,17,37,48,27.5,103.98,10,3.2,18/9/2012 17:37
255,2012,10,2,13,26,57,32.75,105.46,18,3,2/10/2012 13:26
256,2012,10,8,23,5,57,31.42,103.92,25,3.7,8/10/2012 23:05
257,2012,10,17,8,19,43,30.22,101.69,10,3.1,17/10/2012 8:19
258,2012,10,18,7,51,30,32.75,105.61,7,3,18/10/2012 7:51
259,2012,10,18,22,37,34,33.09,99.78,9,3,18/10/2012 22:37
260,2012,10,19,10,44,16,30.14,102.86,26,4.1,19/10/2012 10:44
261,2012,10,21,3,33,36,34.95,103.76,6,3.1,21/10/2012 3:33
262,2012,10,23,10,14,24,30.97,103.65,19,3.4,23/10/2012 10:14
263,2012,10,24,15,47,34,31.29,103.77,22,3.4,24/10/2012 15:47
264,2012,11,10,22,19,33,29.32,105.22,25,4.2,10/11/2012 22:19
265,2012,11,11,6,1,32,29.32,105.23,22,4.3,11/11/2012 6:01
266,2012,11,11,8,59,0,29.31,105.24,12,4.2,11/11/2012 8:59
267,2012,11,15,20,52,18,27.33,100.31,6,3.1,15/11/2012 20:52
268,2012,11,22,12,20,16,29.33,105.23,14,3,22/11/2012 12:20
269,2012,12,1,23,16,44,31.85,104.18,24,4.3,1/12/2012 23:16
270,2012,12,9,23,23,19,27.49,103.98,7,3.1,9/12/2012 23:23
271,2012,12,11,23,25,58,31.27,103.74,21,3.1,11/12/2012 23:25
272,2012,12,13,2,58,25,27.04,102.75,10,4.2,13/12/2012 2:58
273,2012,12,21,23,55,39,32.4,97.95,10,3.7,21/12/2012 23:55
274,2012,12,25,6,3,57,29.32,105.23,14,3.5,25/12/2012 6:03
275,2012,12,28,18,21,39,28.95,106.95,6,3.1,28/12/2012 18:21
276,2013,1,2,15,41,34,31.7,103.19,10,3,2/1/2013 15:41
277,2013,1,5,13,6,13,31.66,104.11,23,3.8,5/1/2013 13:06
278,2013,1,7,7,24,13,31.19,103.45,22,3.2,7/1/2013 7:24
279,2013,1,13,14,49,18,32.25,104.88,15,3.1,13/1/2013 14:49
280,2013,1,18,18,22,3,29.34,105.21,20,3.7,18/1/2013 18:22
281,2013,1,18,20,42,50,30.95,99.4,15,5.5,18/1/2013 20:42
282,2013,1,18,21,17,39,30.96,99.5,12,3.3,18/1/2013 21:17
283,2013,1,23,20,25,29,31.84,104.34,18,3.1,23/1/2013 20:25
284,2013,1,27,13,6,46,31.52,103.26,16,4.2,27/1/2013 13:06
285,2013,2,7,22,57,19,28.05,104.13,10,4.2,7/2/2013 22:57
286,2013,2,13,6,22,43,32.28,101.46,6,3.2,13/2/2013 6:22
287,2013,2,18,14,44,18,32.34,105.04,24,3.5,18/2/2013 14:44
288,2013,2,18,16,14,19,29.94,101.97,6,3.2,18/2/2013 16:14
289,2013,2,19,10,47,0,27.1,103.1,10,4.9,19/2/2013 10:47
290,2013,2,19,15,55,31,28.35,104.84,10,4.5,19/2/2013 15:55
291,2013,2,19,16,25,40,28.3,104.82,8,3.5,19/2/2013 16:25
292,2013,2,19,19,37,33,31.66,104.07,22,3,19/2/2013 19:37
293,2013,2,19,22,17,43,31.21,105.2,20,4.9,19/2/2013 22:17
294,2013,2,23,3,16,14,35.69,99.17,6,3,23/2/2013 3:16
295,2013,2,25,22,8,51,35.71,99.17,4,3,25/2/2013 22:08
296,2013,3,4,6,35,35,35.42,105.27,7,3,4/3/2013 6:35
297,2013,3,4,23,42,17,30.98,103.44,16,3.6,4/3/2013 23:42
298,2013,3,9,20,23,57,31.35,103.5,20,4.2,9/3/2013 20:23
299,2013,3,16,20,45,57,31.9,104.34,25,3.9,16/3/2013 20:45
300,2013,3,24,16,7,56,29.38,105.14,20,3.8,24/3/2013 16:07
301,2013,3,27,0,14,1,29.35,105.4,6,3.1,27/3/2013 0:14
302,2013,4,1,6,21,17,31.7,103.2,13,3.1,1/4/2013 6:21
303,2013,4,8,7,51,28,30.77,103.33,22,3.6,8/4/2013 7:51
304,2013,4,19,6,40,34,31.29,103.5,15,3.1,19/4/2013 6:40
305,2013,4,20,8,2,47,30.3,102.99,17,7,20/4/2013 8:02
306,2013,4,20,8,6,34,30.18,102.88,10,4.2,20/4/2013 8:06
307,2013,4,20,8,7,30,30.32,102.92,10,5,20/4/2013 8:07
308,2013,4,20,8,11,39,30.34,102.88,16,3.5,20/4/2013 8:11
309,2013,4,20,8,14,58,30.26,102.95,18,3.3,20/4/2013 8:14
310,2013,4,20,8,15,34,30.33,102.9,19,3.4,20/4/2013 8:15
311,2013,4,20,8,16,40,30.18,102.88,20,3.2,20/4/2013 8:16
312,2013,4,20,8,19,40,30.27,102.84,15,3.1,20/4/2013 8:19
313,2013,4,20,8,27,25,30.26,102.87,27,3.6,20/4/2013 8:27
314,2013,4,20,8,30,27,30.26,102.84,12,3.6,20/4/2013 8:30
315,2013,4,20,8,31,37,30.39,103.01,12,4,20/4/2013 8:31
316,2013,4,20,8,33,0,30.3,102.91,5,3,20/4/2013 8:33
317,2013,4,20,8,37,13,30.18,102.93,19,4,20/4/2013 8:37
318,2013,4,20,8,39,58,30.35,102.95,16,3.6,20/4/2013 8:39
319,2013,4,20,8,42,35,30.26,102.88,22,3.7,20/4/2013 8:42
320,2013,4,20,8,45,37,30.25,102.88,23,3,20/4/2013 8:45
321,2013,4,20,8,52,22,30.19,102.86,16,3.6,20/4/2013 8:52
322,2013,4,20,8,56,13,30.25,102.9,14,3.1,20/4/2013 8:56
323,2013,4,20,9,2,58,30.28,102.93,15,4.8,20/4/2013 9:02
324,2013,4,20,9,4,22,30.27,102.95,24,3.7,20/4/2013 9:04
325,2013,4,20,9,8,4,30.27,102.87,24,3,20/4/2013 9:08
326,2013,4,20,9,10,54,30.25,102.98,21,3.7,20/4/2013 9:10
327,2013,4,20,9,11,52,30.25,102.83,16,4.7,20/4/2013 9:11
328,2013,4,20,9,15,34,30.29,102.96,16,3.2,20/4/2013 9:15
329,2013,4,20,9,20,11,30.17,102.99,19,4.8,20/4/2013 9:20
330,2013,4,20,9,26,1,30.19,102.95,17,4.6,20/4/2013 9:26
331,2013,4,20,9,37,28,30.28,102.99,15,4.9,20/4/2013 9:37
332,2013,4,20,9,39,35,30.13,102.84,17,4.7,20/4/2013 9:39
333,2013,4,20,10,1,40,30.18,102.91,15,3.5,20/4/2013 10:01
334,2013,4,20,10,12,34,30.32,102.94,19,3.5,20/4/2013 10:12
335,2013,4,20,10,19,4,30.33,102.92,15,4.3,20/4/2013 10:19
336,2013,4,20,10,29,47,30.18,102.81,12,3.6,20/4/2013 10:29
337,2013,4,20,10,38,36,30.25,103.01,17,4.7,20/4/2013 10:38
338,2013,4,20,10,41,12,30.23,102.92,19,3.4,20/4/2013 10:41
339,2013,4,20,10,46,45,30.27,102.95,18,3.1,20/4/2013 10:46
340,2013,4,20,11,4,55,30.34,102.92,7,3,20/4/2013 11:04
341,2013,4,20,11,19,49,30.27,102.86,24,3.3,20/4/2013 11:19
342,2013,4,20,11,29,10,30.18,102.85,18,3.1,20/4/2013 11:29
343,2013,4,20,11,34,16,30.24,102.94,15,5.4,20/4/2013 11:34
344,2013,4,20,11,36,3,30.16,102.96,5,3.5,20/4/2013 11:36
345,2013,4,20,11,36,52,30.2,102.9,23,3.3,20/4/2013 11:36
346,2013,4,20,11,40,22,30.14,102.86,19,3.3,20/4/2013 11:40
347,2013,4,20,11,55,37,30.36,102.95,25,3.4,20/4/2013 11:55
348,2013,4,20,12,38,49,30.36,102.94,27,3,20/4/2013 12:38
349,2013,4,20,13,36,35,30.18,102.87,18,3.2,20/4/2013 13:36
350,2013,4,20,13,39,5,30.3,102.93,23,3.3,20/4/2013 13:39
351,2013,4,20,13,44,1,30.08,102.83,17,3.1,20/4/2013 13:44
352,2013,4,20,14,43,20,30.17,102.88,21,3.3,20/4/2013 14:43
353,2013,4,20,15,18,33,30.39,103,17,4.2,20/4/2013 15:18
354,2013,4,20,15,53,26,30.32,102.9,24,3.5,20/4/2013 15:53
355,2013,4,20,16,6,2,30.32,102.98,14,3.2,20/4/2013 16:06
356,2013,4,20,16,39,43,30.39,102.99,12,3,20/4/2013 16:39
357,2013,4,20,17,45,14,30.31,103.04,17,4,20/4/2013 17:45
358,2013,4,20,18,3,13,30.14,102.87,19,3,20/4/2013 18:03
359,2013,4,20,18,59,1,30.4,103,17,4.1,20/4/2013 18:59
360,2013,4,20,19,10,51,30.36,102.96,20,3.2,20/4/2013 19:10
361,2013,4,20,19,12,31,30.46,102.94,10,3.4,20/4/2013 19:12
362,2013,4,20,19,12,50,30.35,103.02,17,4.3,20/4/2013 19:12
363,2013,4,20,22,10,31,30.29,102.92,27,3.1,20/4/2013 22:10
364,2013,4,20,22,29,34,30.25,102.9,21,3.6,20/4/2013 22:29
365,2013,4,20,23,0,38,30.24,102.8,14,3,20/4/2013 23:00
366,2013,4,20,23,8,11,30.19,102.9,18,3.1,20/4/2013 23:08
367,2013,4,20,23,20,51,30.15,102.88,15,3.2,20/4/2013 23:20
368,2013,4,21,0,6,47,30.36,102.96,19,3,21/4/2013 0:06
369,2013,4,21,0,14,35,30.15,102.85,10,4,21/4/2013 0:14
370,2013,4,21,2,32,10,30.35,103.01,19,4,21/4/2013 2:32
371,2013,4,21,3,54,46,30.23,102.97,15,4,21/4/2013 3:54
372,2013,4,21,4,53,44,30.36,103.05,27,5,21/4/2013 4:53
373,2013,4,21,6,27,22,30.33,102.94,16,3.1,21/4/2013 6:27
374,2013,4,21,7,50,59,30.17,102.84,20,3.1,21/4/2013 7:50
375,2013,4,21,8,13,6,30.27,102.84,22,3.3,21/4/2013 8:13
376,2013,4,21,9,29,32,30.26,102.91,22,3.5,21/4/2013 9:29
377,2013,4,21,11,59,38,30.26,103,17,4.9,21/4/2013 11:59
378,2013,4,21,12,39,18,30.22,102.89,23,3.6,21/4/2013 12:39
379,2013,4,21,16,45,38,30.35,102.88,22,3.2,21/4/2013 16:45
380,2013,4,21,17,1,54,30.26,102.94,20,3.2,21/4/2013 17:01
381,2013,4,21,17,5,23,30.34,103,17,5.4,21/4/2013 17:05
382,2013,4,21,17,7,6,30.41,103.05,10,3.3,21/4/2013 17:07
383,2013,4,21,17,18,9,30.33,103.03,19,3.1,21/4/2013 17:18
384,2013,4,21,17,30,25,30.28,102.98,18,4.3,21/4/2013 17:30
385,2013,4,21,18,48,24,30.3,103,18,4.2,21/4/2013 18:48
386,2013,4,21,18,55,9,30.22,102.94,19,3,21/4/2013 18:55
387,2013,4,21,20,6,22,30.33,102.94,22,3.1,21/4/2013 20:06
388,2013,4,21,22,16,55,30.3,102.9,18,4.4,21/4/2013 22:16
389,2013,4,21,22,18,38,30.35,102.91,14,3.2,21/4/2013 22:18
390,2013,4,21,23,25,23,30.25,102.84,26,3.4,21/4/2013 23:25
391,2013,4,22,3,36,37,30.2,102.93,20,3.5,22/4/2013 3:36
392,2013,4,22,6,21,9,30.27,102.89,21,3.1,22/4/2013 6:21
393,2013,4,22,7,17,3,30.26,102.97,21,3.1,22/4/2013 7:17
394,2013,4,22,7,44,59,30.3,102.88,19,3.1,22/4/2013 7:44
395,2013,4,22,9,18,8,30.25,102.95,18,3.4,22/4/2013 9:18
396,2013,4,22,17,14,4,30.32,103.01,18,3.5,22/4/2013 17:14
397,2013,4,22,18,56,50,30.34,103.02,17,3.1,22/4/2013 18:56
398,2013,4,23,1,27,13,30.27,102.84,24,3.4,23/4/2013 1:27
399,2013,4,23,1,38,3,30.24,102.95,13,3,23/4/2013 1:38
400,2013,4,23,5,54,50,30.35,103,19,4.3,23/4/2013 5:54
401,2013,4,23,15,14,39,30.21,102.95,16,3,23/4/2013 15:14
402,2013,4,23,22,7,15,30.29,102.96,19,3.6,23/4/2013 22:07
403,2013,4,24,5,15,21,30.35,103.05,18,3.1,24/4/2013 5:15
404,2013,4,24,11,10,50,30.23,102.96,19,3.1,24/4/2013 11:10
405,2013,4,24,18,43,3,31.37,103.79,22,3.4,24/4/2013 18:43
406,2013,4,25,4,51,37,30.27,102.89,10,3,25/4/2013 4:51
407,2013,4,25,6,10,30,28.4,104.95,5,4.8,25/4/2013 6:10
408,2013,4,25,6,12,51,28.45,104.95,5,4.2,25/4/2013 6:12
409,2013,4,25,15,3,3,30.28,102.97,22,3,25/4/2013 15:03
410,2013,4,26,2,21,2,27.38,103.08,10,3.2,26/4/2013 2:21
411,2013,4,26,15,31,8,30.23,102.96,16,3.4,26/4/2013 15:31
412,2013,4,28,23,28,3,31.73,104.09,15,4.3,28/4/2013 23:28
413,2013,4,28,23,49,10,31.73,104.08,25,3.6,28/4/2013 23:49
414,2013,5,1,2,14,15,30.24,102.89,14,4.3,1/5/2013 2:14
415,2013,5,2,20,49,12,30.31,103,22,3,2/5/2013 20:49
416,2013,5,2,21,16,6,30.25,102.94,19,3.1,2/5/2013 21:16
417,2013,5,3,5,1,27,30.19,102.86,18,3.1,3/5/2013 5:01
418,2013,5,4,19,29,48,30.29,102.89,21,3.1,4/5/2013 19:29
419,2013,5,7,3,45,1,28.35,104.87,8,3.4,7/5/2013 3:45
420,2013,5,8,13,53,37,35.72,99.16,5,3.8,8/5/2013 13:53
421,2013,5,9,20,18,56,30.27,102.99,11,3.3,9/5/2013 20:18
422,2013,5,11,7,30,8,30.25,102.81,24,3.5,11/5/2013 7:30
423,2013,5,11,8,50,38,30.3,102.98,19,3.8,11/5/2013 8:50
424,2013,5,11,9,7,20,30.31,102.98,20,3.5,11/5/2013 9:07
425,2013,5,12,10,52,29,27.8,103.46,8,3.4,12/5/2013 10:52
426,2013,5,15,20,29,10,32.49,105.21,10,4.4,15/5/2013 20:29
427,2013,5,16,1,24,54,30.36,102.99,21,3.7,16/5/2013 1:24
428,2013,5,16,14,59,25,30.29,102.96,21,3.3,16/5/2013 14:59
429,2013,5,17,22,37,43,29.21,100.08,16,4.3,17/5/2013 22:37
430,2013,5,19,9,23,23,27.49,103.99,5,3,19/5/2013 9:23
431,2013,5,22,18,0,23,30.3,102.88,24,3,22/5/2013 18:00
432,2013,5,26,21,1,59,30.26,102.97,17,4.1,26/5/2013 21:01
433,2013,5,27,20,32,48,31.65,104.06,22,3.3,27/5/2013 20:32
434,2013,5,30,6,10,24,31.88,104.19,24,3.5,30/5/2013 6:10
435,2013,6,1,20,12,43,32.22,104.88,21,3.1,1/6/2013 20:12
436,2013,6,4,0,25,7,33.02,104.02,16,3.2,4/6/2013 0:25
437,2013,6,6,18,30,39,33.03,104.01,14,3.4,6/6/2013 18:30
438,2013,6,7,15,10,30,33.03,104.01,18,3.1,7/6/2013 15:10
439,2013,6,8,4,1,8,33.03,104.01,13,3,8/6/2013 4:01
440,2013,6,28,13,38,33,30.96,99.01,12,3.1,28/6/2013 13:38
441,2013,6,29,12,32,49,34.29,100.79,4,3.2,29/6/2013 12:32
442,2013,7,6,5,9,54,30.34,102.95,20,3.4,6/7/2013 5:09
443,2013,7,8,7,39,14,31.28,103.57,21,4,8/7/2013 7:39
444,2013,7,14,10,21,30,32.62,105.25,24,3.1,14/7/2013 10:21
445,2013,7,16,8,29,0,32.65,105.35,15,3.1,16/7/2013 8:29
446,2013,7,17,2,1,34,28.34,104.89,7,3.1,17/7/2013 2:01
447,2013,7,22,7,45,56,34.54,104.21,15,6.7,22/7/2013 7:45
448,2013,7,22,7,54,9,34.53,104.21,6,3.4,22/7/2013 7:54
449,2013,7,22,8,9,42,34.55,104.23,6,3.8,22/7/2013 8:09
450,2013,7,22,8,16,45,34.53,104.25,7,3.3,22/7/2013 8:16
451,2013,7,22,9,12,36,34.56,104.21,14,5.6,22/7/2013 9:12
452,2013,7,22,9,23,28,34.57,104.21,6,3.1,22/7/2013 9:23
453,2013,7,22,15,28,8,34.55,104.2,6,3.6,22/7/2013 15:28
454,2013,7,25,3,35,8,29.34,105.74,5,3.3,25/7/2013 3:35
455,2013,7,27,0,25,4,33,104.9,10,4.5,27/7/2013 0:25
456,2013,7,28,23,26,23,34.55,104.2,10,4.1,28/7/2013 23:26
457,2013,8,8,2,51,42,31.69,103.18,21,4.2,8/8/2013 2:51
458,2013,8,8,6,9,24,31.06,103.23,19,3,8/8/2013 6:09
459,2013,8,8,12,42,45,34.56,104.2,6,3.2,8/8/2013 12:42
460,2013,8,11,20,40,5,30.02,97.97,10,4.5,11/8/2013 20:40
461,2013,8,11,21,11,31,30.01,97.95,8,3.1,11/8/2013 21:11
462,2013,8,11,22,21,22,30,97.95,8,3.4,11/8/2013 22:21
463,2013,8,12,5,22,58,30.03,97.92,8,4,12/8/2013 5:22
464,2013,8,12,5,23,42,30.04,97.96,15,6.1,12/8/2013 5:23
465,2013,8,12,6,30,11,30.09,97.95,9,3.6,12/8/2013 6:30
466,2013,8,12,7,48,20,30.06,97.91,15,4.9,12/8/2013 7:48
467,2013,8,12,7,58,46,30.06,97.91,15,5.1,12/8/2013 7:58
468,2013,8,12,8,11,5,30.05,97.9,7,3.1,12/8/2013 8:11
469,2013,8,12,9,33,58,30.05,97.95,10,4.2,12/8/2013 9:33
470,2013,8,12,10,58,46,30.05,97.9,7,3.4,12/8/2013 10:58
471,2013,8,12,16,9,37,30.08,97.93,6,4.8,12/8/2013 16:09
472,2013,8,12,20,31,3,30.09,97.94,8,3,12/8/2013 20:31
473,2013,8,13,22,25,35,29.98,97.9,6,3.2,13/8/2013 22:25
474,2013,8,17,12,55,9,34.53,104.26,7,3.5,17/8/2013 12:55
475,2013,8,18,12,55,26,30.32,103,16,3.2,18/8/2013 12:55
476,2013,8,19,0,38,6,31.68,99.05,20,4.4,19/8/2013 0:38
477,2013,8,19,16,17,16,28.44,103.8,13,3,19/8/2013 16:17
478,2013,8,22,22,30,44,30.37,103.01,20,3.4,22/8/2013 22:30
479,2013,8,23,14,23,43,28.32,104.85,7,3.6,23/8/2013 14:23
480,2013,8,25,11,40,47,29.92,101.93,20,3,25/8/2013 11:40
481,2013,8,26,14,2,39,30.12,102.81,20,3,26/8/2013 14:02
482,2013,8,26,19,3,40,30.05,97.9,7,3.5,26/8/2013 19:03
483,2013,8,28,4,44,52,28.2,99.33,9,5.2,28/8/2013 4:44
484,2013,8,28,7,53,4,28.19,99.36,10,4.6,28/8/2013 7:53
485,2013,8,30,4,13,25,28.17,99.42,9,3.4,30/8/2013 4:13
486,2013,8,31,8,4,16,28.15,99.35,10,5.9,31/8/2013 8:04
487,2013,8,31,8,7,37,28.19,99.45,13,3.6,31/8/2013 8:07
488,2013,8,31,8,13,28,28.24,99.44,20,4,31/8/2013 8:13
489,2013,8,31,8,27,2,28.2,99.45,10,4.7,31/8/2013 8:27
490,2013,8,31,8,56,21,28.23,99.39,12,3.3,31/8/2013 8:56
491,2013,8,31,9,18,45,28.26,99.41,5,4.3,31/8/2013 9:18
492,2013,8,31,9,30,9,28.17,99.45,5,3.3,31/8/2013 9:30
493,2013,8,31,11,6,23,28.18,99.46,5,3.1,31/8/2013 11:06
494,2013,8,31,19,16,37,27.88,102.84,11,3.2,31/8/2013 19:16
495,2013,8,31,19,17,17,28.24,99.37,8,3.5,31/8/2013 19:17
496,2013,8,31,19,18,33,28.25,99.37,9,3.4,31/8/2013 19:18
497,2013,8,31,22,51,47,28.18,99.47,5,3.2,31/8/2013 22:51
498,2013,8,31,23,33,56,28.16,99.46,5,3.1,31/8/2013 23:33
499,2013,9,1,7,17,48,28.19,99.48,10,4.2,1/9/2013 7:17
500,2013,9,1,9,33,22,28.19,99.47,5,3.2,1/9/2013 9:33
501,2013,9,2,22,52,33,28.19,99.37,20,4.2,2/9/2013 22:52
502,2013,9,3,22,32,37,28.23,99.46,10,4.6,3/9/2013 22:32
503,2013,9,4,0,8,37,28.23,99.4,5,3,4/9/2013 0:08
504,2013,9,4,12,52,42,28.2,99.53,6,3.3,4/9/2013 12:52
505,2013,9,6,23,4,10,28.22,99.47,10,4.5,6/9/2013 23:04
506,2013,9,8,13,54,4,28.27,99.42,9,3.4,8/9/2013 13:54
507,2013,9,12,16,1,3,31.08,103.32,19,3.2,12/9/2013 16:01
508,2013,10,4,11,1,14,32.05,104.45,20,4.5,4/10/2013 11:01
509,2013,10,7,1,29,53,31.62,104,21,3.4,7/10/2013 1:29
510,2013,10,8,4,9,12,28.2,99.46,9,3.3,8/10/2013 4:09
511,2013,10,14,11,19,0,27.97,102.78,18,4.6,14/10/2013 11:19
512,2013,10,15,22,46,15,27.96,102.78,9,3.4,15/10/2013 22:46
513,2013,10,20,18,3,36,34.49,104.25,7,4,20/10/2013 18:03
514,2013,10,22,18,20,15,27.91,101.36,16,3.5,22/10/2013 18:20
515,2013,10,23,7,59,49,34.05,104.78,6,3.2,23/10/2013 7:59
516,2013,10,29,6,8,51,31.69,103.18,22,3.4,29/10/2013 6:08
517,2013,11,7,4,26,25,30.33,102.93,19,3.7,7/11/2013 4:26
518,2013,11,12,12,45,3,28.23,99.34,14,3.1,12/11/2013 12:45
519,2013,11,13,4,41,31,29.99,97.16,9,3.5,13/11/2013 4:41
520,2013,11,15,11,11,55,30.37,102.94,14,3,15/11/2013 11:11
521,2013,11,22,3,41,25,27.91,101.4,15,3.5,22/11/2013 3:41
522,2013,11,22,7,49,43,27.93,101.41,10,4.2,22/11/2013 7:49
523,2013,11,22,7,51,34,27.93,101.43,7,3.3,22/11/2013 7:51
524,2013,11,29,20,13,53,28.19,99.51,10,4.6,29/11/2013 20:13
525,2013,12,8,23,1,0,27.92,101.42,13,3.1,8/12/2013 23:01
526,2013,12,16,3,1,17,28.2,99.45,11,3.2,16/12/2013 3:01
527,2013,12,25,14,29,4,32.25,104.92,19,3.4,25/12/2013 14:29
528,2013,12,29,8,29,10,29.86,101.98,16,3.4,29/12/2013 8:29
529,2013,12,31,7,41,55,28.24,99.38,12,3,31/12/2013 7:41
530,2014,1,4,2,11,43,27.93,101.37,13,3.3,4/1/2014 2:11
531,2014,1,5,20,21,45,30.21,102.91,18,3.8,5/1/2014 20:21
532,2014,1,8,7,16,21,31.44,103.24,19,3.1,8/1/2014 7:16
533,2014,1,19,12,32,16,32.22,104.55,18,3.2,19/1/2014 12:32
534,2014,1,19,13,46,23,30.36,102.97,17,3.1,19/1/2014 13:46
535,2014,1,30,20,13,30,30.17,99.86,15,3.4,30/1/2014 20:13
536,2014,2,2,15,55,26,31.11,101.36,14,3.1,2/2/2014 15:55
537,2014,2,23,16,58,1,29.44,105.59,7,3.2,23/2/2014 16:58
538,2014,3,2,5,8,28,35.78,98.08,4,3.3,2/3/2014 5:08
539,2014,3,13,21,5,1,33.15,103.78,26,3.6,13/3/2014 21:05
540,2014,3,28,14,59,4,31.41,103.84,20,3,28/3/2014 14:59
541,2014,3,31,19,7,27,28.09,103.52,10,3.1,31/3/2014 19:07
542,2014,4,2,4,51,38,27.91,101.39,5,3.2,2/4/2014 4:51
543,2014,4,2,14,4,43,31.17,103.6,15,4.2,2/4/2014 14:04
544,2014,4,5,5,20,49,30.01,102.99,27,3.3,5/4/2014 5:20
545,2014,4,5,6,40,33,28.14,103.57,13,5.1,5/4/2014 6:40
546,2014,4,11,10,31,0,31.69,103.18,17,4.6,11/4/2014 10:31
547,2014,4,16,3,31,58,35.05,104.54,6,3.1,16/4/2014 3:31
548,2014,4,24,1,19,39,28.12,103.52,5,3,24/4/2014 1:19
549,2014,4,29,21,17,53,28.29,104.83,8,3.1,29/4/2014 21:17
550,2014,5,9,17,51,58,27.92,101.44,7,3.4,9/5/2014 17:51
551,2014,5,13,22,45,25,30.79,100.01,14,3,13/5/2014 22:45
552,2014,5,14,13,41,54,30.84,99.88,13,3.1,14/5/2014 13:41
553,2014,5,29,10,42,53,34.92,105.29,7,3,29/5/2014 10:42
554,2014,6,10,7,54,15,32.58,105.17,15,4.8,10/6/2014 7:54
555,2014,6,10,9,28,7,32.57,105.17,14,3.5,10/6/2014 9:28
556,2014,6,11,22,46,43,31.26,103.59,18,3.1,11/6/2014 22:46
557,2014,6,14,15,27,30,31.57,104.14,19,3.5,14/6/2014 15:27
558,2014,6,15,18,8,3,32.57,105.16,21,3.1,15/6/2014 18:08
559,2014,6,23,19,58,50,30.3,103,16,3.1,23/6/2014 19:58
560,2014,6,24,8,15,37,28.14,104.66,11,3.5,24/6/2014 8:15
561,2014,6,25,8,3,12,27.93,101.43,11,3,25/6/2014 8:03
562,2014,7,11,19,56,42,29.64,103.09,25,3.4,11/7/2014 19:56
563,2014,7,11,21,1,29,29.39,104.81,12,3.4,11/7/2014 21:01
564,2014,7,14,17,51,39,27.9,101.43,11,3,14/7/2014 17:51
565,2014,7,20,18,3,46,31.5,104.08,19,3.5,20/7/2014 18:03
566,2014,7,26,17,12,5,31.78,104.12,14,3,26/7/2014 17:12
567,2014,7,29,1,27,30,31.45,105.19,17,3.2,29/7/2014 1:27
568,2014,7,29,16,20,14,31.46,105.24,10,4.9,29/7/2014 16:20
569,2014,7,29,17,9,36,31.43,105.22,5,4.6,29/7/2014 17:09
570,2014,8,3,16,30,12,27.11,103.33,10,6.6,3/8/2014 16:30
571,2014,8,3,16,45,19,27.13,103.36,7,3,3/8/2014 16:45
572,2014,8,3,19,7,21,27.08,103.37,21,4.1,3/8/2014 19:07
573,2014,8,3,21,47,10,27.1,103.39,10,4.1,3/8/2014 21:47
574,2014,8,3,22,28,30,27.11,103.34,8,4.2,3/8/2014 22:28
575,2014,8,4,3,30,31,27.09,103.36,5,4.4,4/8/2014 3:30
576,2014,8,4,7,6,10,27.1,103.35,7,3.1,4/8/2014 7:06
577,2014,8,8,14,39,28,27.12,103.35,7,3.2,8/8/2014 14:39
578,2014,8,9,14,53,41,31.83,104.13,20,4.2,9/8/2014 14:53
579,2014,8,10,12,39,12,27.05,103.39,10,3.4,10/8/2014 12:39
580,2014,8,11,18,50,5,34.84,99.02,7,4.3,11/8/2014 18:50
581,2014,8,13,20,16,28,27.09,103.36,6,3.4,13/8/2014 20:16
582,2014,8,17,6,7,59,28.12,103.51,7,5.2,17/8/2014 6:07
583,2014,8,17,6,8,59,28.12,103.53,5,3.6,17/8/2014 6:08
584,2014,8,17,6,18,36,28.11,103.5,10,3.6,17/8/2014 6:18
585,2014,8,17,16,45,53,28.11,103.54,12,4.1,17/8/2014 16:45
586,2014,8,17,17,11,47,28.13,103.56,13,4.2,17/8/2014 17:11
587,2014,8,20,18,20,55,28.09,103.54,11,4.1,20/8/2014 18:20
588,2014,8,21,20,0,29,31.43,105.21,16,3.1,21/8/2014 20:00
589,2014,8,22,3,29,36,32.56,105.27,19,3.2,22/8/2014 3:29
590,2014,9,10,16,59,30,27.11,103.36,17,4.3,10/9/2014 16:59
591,2014,9,12,0,29,34,28.14,103.48,5,4.2,12/9/2014 0:29
592,2014,9,12,1,12,19,32.69,105.38,13,3.3,12/9/2014 1:12
593,2014,9,17,13,5,41,27.1,103.34,13,3.1,17/9/2014 13:05
594,2014,9,23,3,39,18,31.33,103.41,16,3,23/9/2014 3:39
595,2014,9,28,4,11,58,31.3,103.45,17,3.3,28/9/2014 4:11
596,2014,10,1,1,44,17,28.32,104.81,11,3.7,1/10/2014 1:44
597,2014,10,1,6,56,18,31.69,103.18,19,3.2,1/10/2014 6:56
598,2014,10,1,9,23,29,28.38,102.74,10,5.2,1/10/2014 9:23
599,2014,10,2,23,56,32,36.42,97.79,10,5.3,2/10/2014 23:56
600,2014,10,7,7,25,19,27.11,103.27,15,3.3,7/10/2014 7:25
601,2014,10,8,5,14,6,30.13,102.91,18,4.2,8/10/2014 5:14
602,2014,10,9,13,20,32,27.43,106.16,4,3.1,9/10/2014 13:20
603,2014,10,10,19,1,42,36.45,97.82,7,3.1,10/10/2014 19:01
604,2014,10,17,17,44,51,27.26,97.03,8,4.3,17/10/2014 17:44
605,2014,10,18,10,46,20,34.13,103.04,16,3.3,18/10/2014 10:46
606,2014,10,18,15,29,28,31.3,103.59,20,3.3,18/10/2014 15:29
607,2014,10,20,8,32,24,31.46,105.2,20,3.7,20/10/2014 8:32
608,2014,10,25,10,26,1,34.3,102.39,15,4.7,25/10/2014 10:26
609,2014,10,27,0,2,30,27.1,103.32,12,4.2,27/10/2014 0:02
610,2014,11,3,1,12,59,27.11,103.31,12,3.3,3/11/2014 1:12
611,2014,11,6,14,54,20,31.26,103.23,20,3.2,6/11/2014 14:54
612,2014,11,6,23,22,55,27.97,101.07,13,3.1,6/11/2014 23:22
613,2014,11,21,7,16,12,27.07,103.15,12,3.1,21/11/2014 7:16
614,2014,11,21,11,15,25,33.04,101.42,19,4.5,21/11/2014 11:15
615,2014,11,22,5,7,34,27.93,101.41,12,3,22/11/2014 5:07
616,2014,11,22,16,55,28,30.29,101.68,20,6.4,22/11/2014 16:55
617,2014,11,22,22,55,30,34.35,102.36,10,4.6,22/11/2014 22:55
618,2014,11,23,2,16,38,32.09,104.44,17,3.5,23/11/2014 2:16
619,2014,11,25,23,19,9,30.2,101.75,16,5.9,25/11/2014 23:19
620,2014,11,26,21,12,3,27.92,101.43,17,3,26/11/2014 21:12
621,2014,12,2,19,18,53,34.01,105.43,17,3.7,2/12/2014 19:18
622,2014,12,9,19,28,48,32.53,105.08,24,3.1,9/12/2014 19:28
623,2014,12,15,0,35,13,30.36,103.05,17,3.4,15/12/2014 0:35
624,2014,12,16,2,19,7,27.08,103.12,16,3.6,16/12/2014 2:19
625,2014,12,16,11,3,39,30.32,103.06,15,3,16/12/2014 11:03
626,2014,12,21,2,15,33,32.46,105.07,19,3.4,21/12/2014 2:15
627,2014,12,21,13,9,37,27.88,101.48,11,4.1,21/12/2014 13:09
628,2014,12,22,7,49,37,34.4,105.36,10,3.5,22/12/2014 7:49
629,2014,12,30,0,8,31,28.16,104.67,8,3.4,30/12/2014 0:08
630,2015,1,7,11,36,20,32.95,106.22,5,3.4,7/1/2015 11:36
631,2015,1,14,13,21,40,29.3,103.2,20,5,14/1/2015 13:21
632,2015,1,15,21,54,5,27.1,103.19,11,3.1,15/1/2015 21:54
633,2015,1,19,16,15,25,31.59,104,22,3.3,19/1/2015 16:15
634,2015,1,28,2,14,29,28.48,103.77,10,3.1,28/1/2015 2:14
635,2015,1,28,22,43,42,28.37,104.95,10,3.3,28/1/2015 22:43
636,2015,2,4,19,53,17,34.72,99.06,9,4,4/2/2015 19:53
637,2015,2,5,6,18,44,36.69,106.09,8,3.6,5/2/2015 6:18
638,2015,2,7,5,1,7,28.36,104.9,7,4.5,7/2/2015 5:01
639,2015,2,7,8,47,33,28.37,104.9,4,3.2,7/2/2015 8:47
640,2015,2,7,19,46,51,28.15,104.82,15,3,7/2/2015 19:46
641,2015,2,10,7,48,41,27.11,103.35,10,3.1,10/2/2015 7:48
642,2015,2,10,23,45,28,27.1,103.28,8,3.3,10/2/2015 23:45
643,2015,2,24,8,52,6,31.67,104.01,24,3.5,24/2/2015 8:52
644,2015,3,1,12,38,12,31.78,104.09,22,3.7,1/3/2015 12:38
645,2015,3,20,21,10,1,35.98,99.2,10,3.6,20/3/2015 21:10
646,2015,3,20,22,1,39,35.98,99.19,8,3.1,20/3/2015 22:01
647,2015,4,10,3,37,2,34.65,105.57,17,3.8,10/4/2015 3:37
648,2015,4,11,9,17,48,28.1,104.76,10,3.3,11/4/2015 9:17
649,2015,4,12,14,48,42,28.18,104.78,14,3,12/4/2015 14:48
650,2015,4,15,5,47,12,29.06,102.36,26,3.5,15/4/2015 5:47
651,2015,4,15,15,8,36,35.36,104.03,9,4.6,15/4/2015 15:08
652,2015,4,24,19,49,2,28.16,104.76,10,3.7,24/4/2015 19:49
653,2015,4,25,14,23,49,28.77,106.78,8,3.2,25/4/2015 14:23
654,2015,4,30,13,45,58,28.16,104.75,2,3.1,30/4/2015 13:45
655,2015,5,1,18,13,58,28.12,103.51,13,3.1,1/5/2015 18:13
656,2015,5,16,10,40,9,31.28,103.46,16,3.2,16/5/2015 10:40
657,2015,5,23,23,51,27,28.14,104.8,10,3.2,23/5/2015 23:51
658,2015,5,30,17,20,49,32.17,104.58,16,3.3,30/5/2015 17:20
659,2015,6,5,18,30,47,30.28,102.78,28,4,5/6/2015 18:30
660,2015,6,9,22,46,27,32.99,98.9,5,3.1,9/6/2015 22:46
661,2015,6,21,8,13,26,27.07,103.35,6,3.3,21/6/2015 8:13
662,2015,6,26,1,55,1,30.39,101.59,13,3.2,26/6/2015 1:55
663,2015,6,26,22,5,37,28.33,106.1,5,3.2,26/6/2015 22:05
664,2015,7,19,21,52,38,35.62,104.8,12,3.3,19/7/2015 21:52
665,2015,7,20,20,40,41,31.94,104.29,13,3,20/7/2015 20:40
666,2015,7,29,2,52,35,31.26,103.58,14,3.2,29/7/2015 2:52
667,2015,8,7,17,49,1,27.1,103.3,10,3.2,7/8/2015 17:49
668,2015,8,12,7,11,52,31.25,103.63,20,3.6,12/8/2015 7:11
669,2015,8,18,12,13,35,27.44,102.49,10,4,18/8/2015 12:13
670,2015,8,24,3,14,14,31.3,103.44,20,3,24/8/2015 3:14
671,2015,8,28,19,44,44,31.32,103.39,20,3.2,28/8/2015 19:44
672,2015,8,31,21,56,6,31.89,104.41,13,3.5,31/8/2015 21:56
673,2015,9,7,1,51,17,29.13,102.11,18,4.1,7/9/2015 1:51
674,2015,9,14,17,45,35,27.7,100.32,25,3.5,14/9/2015 17:45
675,2015,9,18,6,59,40,28.41,104.81,8,3.3,18/9/2015 6:59
676,2015,9,21,18,49,47,31.29,103.5,17,3,21/9/2015 18:49
677,2015,9,22,14,1,11,27.69,100.29,5,3.1,22/9/2015 14:01
678,2015,9,23,2,1,36,32.61,105.38,10,4.1,23/9/2015 2:01
679,2015,10,3,13,26,13,30.95,98.37,5,3.4,3/10/2015 13:26
680,2015,10,10,18,34,4,29.65,102,18,3.2,10/10/2015 18:34
681,2015,10,12,18,4,14,34.36,98.2,10,5.3,12/10/2015 18:04
682,2015,10,13,3,18,44,27.42,106.15,6,3,13/10/2015 3:18
683,2015,10,14,7,41,12,28.09,104.82,10,3.5,14/10/2015 7:41
684,2015,10,15,2,57,3,36,99.19,5,3,15/10/2015 2:57
685,2015,10,17,15,3,40,29.57,101.98,16,3,17/10/2015 15:03
686,2015,10,19,8,40,7,32.42,104.96,23,3.6,19/10/2015 8:40
687,2015,10,24,19,29,43,29.11,102.1,20,4.1,24/10/2015 19:29
688,2015,10,27,2,11,23,30.17,98.01,6,4.6,27/10/2015 2:11
689,2015,10,28,10,1,54,32.05,104.54,18,3.1,28/10/2015 10:01
690,2015,10,29,4,12,8,27.55,100.3,10,4.8,29/10/2015 4:12
691,2015,11,26,9,25,30,29.33,103.18,19,3.5,26/11/2015 9:25
692,2015,11,30,23,2,51,28.36,104.97,14,3.4,30/11/2015 23:02
693,2015,12,11,5,27,45,32.01,104.51,16,3.4,11/12/2015 5:27
694,2015,12,12,12,51,11,28.13,104.78,5,3.4,12/12/2015 12:51
695,2015,12,18,16,1,54,34.1,105.12,20,3.7,18/12/2015 16:01
696,2015,12,19,17,17,59,27.44,102.49,15,3.2,19/12/2015 17:17
697,2015,12,20,19,43,1,30.14,103,29,3.3,20/12/2015 19:43
698,2015,12,23,19,33,22,28.11,104.71,2,3,23/12/2015 19:33
699,2015,12,25,3,10,50,30.4,102.59,16,3.3,25/12/2015 3:10
700,2016,1,3,23,44,31,29.38,104.09,10,4,3/1/2016 23:44
701,2016,1,4,21,56,10,36.37,97.63,10,4.2,4/1/2016 21:56
702,2016,1,7,12,17,59,29.58,104.64,11,3.3,7/1/2016 12:17
703,2016,1,13,1,11,25,36.37,106.28,6,3.6,13/1/2016 1:11
704,2016,1,18,0,29,16,34.27,104.88,13,3.9,18/1/2016 0:29
705,2016,1,18,11,24,38,28.36,104.97,7,3.1,18/1/2016 11:24
706,2016,2,15,15,59,5,27.11,103.35,8,3.2,15/2/2016 15:59
707,2016,2,24,9,11,1,27.66,100.11,17,3.1,24/2/2016 9:11
708,2016,3,1,5,21,20,27.03,103.42,12,3.1,1/3/2016 5:21
709,2016,3,10,6,5,53,30.31,99.8,10,4.4,10/3/2016 6:05
710,2016,3,11,19,7,16,27.92,101.39,15,3.6,11/3/2016 19:07
711,2016,3,15,12,28,21,29.74,98.01,6,3.6,15/3/2016 12:28
712,2016,3,18,1,19,53,29.6,102,14,4.2,18/3/2016 1:19
713,2016,3,21,11,35,49,29.62,102,18,3.5,21/3/2016 11:35
714,2016,3,21,22,6,3,35.72,99.18,9,4.4,21/3/2016 22:06
715,2016,3,22,1,12,22,35.72,99.19,9,3.3,22/3/2016 1:12
716,2016,3,24,1,55,38,29.61,102.02,12,3.6,24/3/2016 1:55
717,2016,3,25,6,3,52,29.61,101.98,18,3.3,25/3/2016 6:03
718,2016,4,4,2,42,27,32.09,104.47,24,3,4/4/2016 2:42
719,2016,4,8,1,23,42,32.44,104.95,16,3,8/4/2016 1:23
720,2016,4,23,19,19,48,35.83,106.18,6,3.6,23/4/2016 19:19
721,2016,5,3,19,57,27,32.34,104.93,19,3.2,3/5/2016 19:57
722,2016,5,7,22,2,26,34.77,104.86,14,3.9,7/5/2016 22:02
723,2016,5,11,17,1,21,31.35,100.71,16,3.8,11/5/2016 17:01
724,2016,5,11,17,16,39,31.95,101.11,19,3.1,11/5/2016 17:16
725,2016,5,18,22,59,15,29.02,102.26,20,3.7,18/5/2016 22:59
726,2016,5,21,1,55,2,31.52,103.28,19,3.5,21/5/2016 1:55
727,2016,5,23,13,47,45,27.92,101.17,13,3.3,23/5/2016 13:47
728,2016,5,29,10,14,38,31.46,104.3,10,4.4,29/5/2016 10:14
729,2016,6,8,16,36,16,28.43,104.8,7,3.1,8/6/2016 16:36
730,2016,6,16,23,12,22,28.1,103.46,8,3.1,16/6/2016 23:12
731,2016,6,19,17,48,47,27.93,101.15,12,3.3,19/6/2016 17:48
732,2016,6,27,18,13,6,31.89,104.41,10,4.5,27/6/2016 18:13
733,2016,7,17,18,55,30,30.21,98.37,9,4.4,17/7/2016 18:55
734,2016,7,27,6,20,16,29.52,104.81,12,3.3,27/7/2016 6:20
735,2016,8,9,4,39,9,35.6,98.45,10,3.3,9/8/2016 4:39
736,2016,8,9,6,21,16,31.56,100.06,9,3.1,9/8/2016 6:21
737,2016,8,13,21,22,36,27.04,103.45,10,4.2,13/8/2016 21:22
738,2016,9,10,10,44,50,28.1,104.84,9,3.4,10/9/2016 10:44
739,2016,9,20,5,11,19,29.23,97.95,9,3.9,20/9/2016 5:11
740,2016,9,23,0,47,13,30.08,99.6,19,5.2,23/9/2016 0:47
741,2016,9,23,1,23,16,30.11,99.61,16,5.2,23/9/2016 1:23
742,2016,9,23,10,18,34,30.09,99.95,14,4.4,23/9/2016 10:18
743,2016,9,25,16,0,26,29.51,102.06,59,4.3,25/9/2016 16:00
744,2016,9,26,16,3,22,28.13,103.49,11,3.3,26/9/2016 16:03
745,2016,9,26,23,48,50,30.08,99.62,13,4.3,26/9/2016 23:48
746,2016,9,29,5,36,30,29.58,101.88,10,4.4,29/9/2016 5:36
747,2016,10,25,22,29,20,32.58,104.16,18,3.1,25/10/2016 22:29
748,2016,11,4,6,8,0,32.17,104.62,21,3.3,4/11/2016 6:08
749,2016,12,2,10,35,43,31.99,104.48,14,3.1,2/12/2016 10:35
750,2016,12,4,3,20,9,32.12,104.98,20,3.1,4/12/2016 3:20
751,2016,12,5,14,25,25,31.89,104.46,14,3.1,5/12/2016 14:25
752,2016,12,8,10,17,10,27.01,100.84,5,3.1,8/12/2016 10:17
753,2016,12,22,7,24,16,30.08,99.61,18,3.1,22/12/2016 7:24
754,2016,12,22,7,25,45,30.09,99.6,13,3.1,22/12/2016 7:25
755,2016,12,23,4,43,48,30.08,99.61,14,3.2,23/12/2016 4:43
756,2016,12,23,5,1,45,30.09,99.62,13,3.1,23/12/2016 5:01
757,2016,12,25,7,26,7,27.89,101.38,10,4.4,25/12/2016 7:26
758,2016,12,27,8,17,32,29.44,105.62,10,4.9,27/12/2016 8:17
759,2016,12,28,6,20,27,29.43,105.57,4,3.2,28/12/2016 6:20
760,2016,12,28,10,40,31,28.12,104.78,10,3.1,28/12/2016 10:40
761,2016,12,28,12,43,52,29.41,105.6,10,4,28/12/2016 12:43
762,2016,12,28,20,3,8,28.13,104.77,10,3.3,28/12/2016 20:03
763,2017,1,4,23,14,30,29.53,102.15,23,4,4/1/2017 23:14
764,2017,1,15,18,5,37,28.16,104.73,10,4.1,15/1/2017 18:05
765,2017,1,15,19,20,53,28.13,104.74,9,3.5,15/1/2017 19:20
766,2017,1,15,19,29,16,28.11,104.75,4,3.4,15/1/2017 19:29
767,2017,1,18,22,35,14,28.1,104.76,10,4.4,18/1/2017 22:35
768,2017,1,20,4,12,21,28.15,104.73,9,3.3,20/1/2017 4:12
769,2017,1,22,18,4,56,28.11,104.73,9,3.1,22/1/2017 18:04
770,2017,1,25,14,38,3,30.1,103.59,23,3.5,25/1/2017 14:38
771,2017,1,28,2,46,32,28.09,104.72,10,4.9,28/1/2017 2:46
772,2017,2,2,8,34,29,28.14,104.76,12,3.7,2/2/2017 8:34
773,2017,2,8,19,11,39,27.09,103.37,10,4.9,8/2/2017 19:11
774,2017,2,17,11,12,26,29.59,102.02,15,3.2,17/2/2017 11:12
775,2017,2,18,21,37,22,29.61,102.03,15,3.3,18/2/2017 21:37
776,2017,2,26,3,24,52,31,103.44,30,4.2,26/2/2017 3:24
777,2017,3,12,20,21,18,27.09,103.41,10,4.5,12/3/2017 20:21
778,2017,3,30,7,48,17,27.12,103.36,7,3.6,30/3/2017 7:48
779,2017,4,4,4,57,40,27.09,103.41,8,3.2,4/4/2017 4:57
780,2017,4,5,18,34,58,28.29,104.84,10,3.6,5/4/2017 18:34
781,2017,4,11,2,25,5,32.22,104.56,19,3.7,11/4/2017 2:25
782,2017,4,23,5,26,57,31.42,103.97,18,3.9,23/4/2017 5:26
783,2017,4,25,1,22,48,36.37,106.05,6,3.4,25/4/2017 1:22
784,2017,5,1,6,57,9,28.12,104.86,4,3.2,1/5/2017 6:57
785,2017,5,4,13,40,21,28.18,104.89,10,4.8,4/5/2017 13:40
786,2017,5,8,17,18,22,32.58,97.44,6,3.1,8/5/2017 17:18
787,2017,5,13,19,50,39,32.88,104.18,15,3,13/5/2017 19:50
788,2017,5,16,0,20,0,32.97,99.01,31,4.4,16/5/2017 0:20
789,2017,5,18,20,45,8,31.8,104.35,14,3.1,18/5/2017 20:45
790,2017,5,19,3,45,13,36.42,97.24,9,3,19/5/2017 3:45
791,2017,5,22,18,15,13,33.91,106.11,12,3,22/5/2017 18:15
792,2017,6,4,14,51,20,32.51,105.25,23,3.1,4/6/2017 14:51
793,2017,6,6,14,4,57,31.32,103.2,17,3.9,6/6/2017 14:04
794,2017,6,9,21,17,39,28.11,104.87,6,3.3,9/6/2017 21:17
795,2017,6,26,8,47,43,28.13,104.72,8,3.4,26/6/2017 8:47
796,2017,6,30,5,35,28,36.92,98.37,10,3.1,30/6/2017 5:35
797,2017,7,17,6,56,0,32.37,105.33,21,4.7,17/7/2017 6:56
798,2017,7,20,17,37,21,32.43,105.37,23,3,20/7/2017 17:37
799,2017,8,8,21,19,48,33.2,103.82,10,7,8/8/2017 21:19
800,2017,8,8,21,28,55,33.26,103.79,9,3.2,8/8/2017 21:28
801,2017,8,8,21,41,34,33.17,103.84,13,3.3,8/8/2017 21:41
802,2017,8,8,23,49,17,33.28,103.78,19,3,8/8/2017 23:49
803,2017,8,8,23,51,12,33.12,103.89,12,3.2,8/8/2017 23:51
804,2017,8,9,0,35,17,33.15,103.84,21,3.4,9/8/2017 0:35
805,2017,8,9,5,16,1,33.31,103.76,14,3.2,9/8/2017 5:16
806,2017,8,9,5,37,13,33.13,103.86,23,4.3,9/8/2017 5:37
807,2017,8,9,5,41,8,33.17,103.85,16,3.2,9/8/2017 5:41
808,2017,8,9,6,24,48,33.15,103.84,18,3,9/8/2017 6:24
809,2017,8,9,6,49,3,33.12,103.87,16,3.4,9/8/2017 6:49
810,2017,8,9,6,49,31,33.31,103.77,4,3.2,9/8/2017 6:49
811,2017,8,9,8,10,10,33.14,103.86,17,3.8,9/8/2017 8:10
812,2017,8,9,8,29,3,33.3,103.79,18,3.9,9/8/2017 8:29
813,2017,8,9,9,22,14,33.16,103.84,21,3.6,9/8/2017 9:22
814,2017,8,9,9,32,47,33.28,103.74,16,3.7,9/8/2017 9:32
815,2017,8,9,10,17,5,33.1,103.85,5,4.9,9/8/2017 10:17
816,2017,8,10,2,30,50,33.16,103.84,23,3,10/8/2017 2:30
817,2017,8,10,3,2,12,33.25,103.77,22,3.6,10/8/2017 3:02
818,2017,8,10,5,5,56,33.14,103.86,20,4.6,10/8/2017 5:05
819,2017,8,10,9,54,2,33.18,103.84,14,3.4,10/8/2017 9:54
820,2017,8,10,17,48,36,33.22,103.88,20,4.3,10/8/2017 17:48
821,2017,8,11,10,39,44,27.07,97.37,6,3.3,11/8/2017 10:39
822,2017,8,11,19,26,21,33.12,103.86,16,3.5,11/8/2017 19:26
823,2017,8,12,7,56,39,33.11,103.86,16,3.7,12/8/2017 7:56
824,2017,8,13,22,38,31,33.09,103.89,16,3.4,13/8/2017 22:38
825,2017,8,19,0,3,15,31.94,102.87,20,3.1,19/8/2017 0:03
826,2017,8,19,19,52,11,33.12,103.9,12,3.3,19/8/2017 19:52
827,2017,8,25,4,28,51,33.08,103.9,10,3,25/8/2017 4:28
828,2017,8,27,8,58,13,33.22,103.75,15,3.3,27/8/2017 8:58
829,2017,8,30,21,46,17,27.91,101.38,10,3,30/8/2017 21:46
830,2017,9,2,3,30,53,36.28,106.01,8,4.5,2/9/2017 3:30
831,2017,9,6,1,57,20,33.25,103.78,16,3.2,6/9/2017 1:57
832,2017,9,7,12,15,30,33.11,103.89,12,3.3,7/9/2017 12:15
833,2017,9,9,15,25,59,27.28,100.29,15,3,9/9/2017 15:25
834,2017,9,12,0,35,4,28.92,105.42,4,3.6,12/9/2017 0:35
835,2017,9,12,19,26,42,27.9,101.45,10,4.6,12/9/2017 19:26
836,2017,9,13,7,59,42,33.27,103.77,7,3.1,13/9/2017 7:59
837,2017,9,24,2,50,45,32.5,105.5,14,3.2,24/9/2017 2:50
838,2017,9,24,9,6,39,32.53,105.51,20,3.3,24/9/2017 9:06
839,2017,9,30,14,14,37,32.25,105.05,10,5.4,30/9/2017 14:14
840,2017,10,5,3,18,12,33.32,103.78,9,3.2,5/10/2017 3:18
841,2017,10,6,18,25,37,33.23,103.8,20,4.1,6/10/2017 18:25
842,2017,10,13,4,3,50,32.52,105.5,18,3.7,13/10/2017 4:03
843,2017,10,14,11,2,15,33.24,103.78,7,3.1,14/10/2017 11:02
844,2017,10,15,18,21,1,36.27,102.22,10,3.4,15/10/2017 18:21
845,2017,10,17,3,45,8,34.67,101.9,10,3.5,17/10/2017 3:45
846,2017,10,18,2,54,20,28.33,102.82,15,3.2,18/10/2017 2:54
847,2017,10,19,0,45,10,32.69,105.42,15,3,19/10/2017 0:45
848,2017,10,31,11,52,31,31.56,103.87,18,3.1,31/10/2017 11:52
849,2017,10,31,21,52,20,34.67,103.36,10,4.5,31/10/2017 21:52
850,2017,11,3,21,16,52,35.31,99.27,10,3.7,3/11/2017 21:16
851,2017,11,6,8,34,12,31.22,103.7,20,3.8,6/11/2017 8:34
852,2017,11,7,5,31,10,33.17,103.8,10,4.9,7/11/2017 5:31
853,2017,11,10,11,3,15,31.57,103.93,19,4.3,10/11/2017 11:03
854,2017,11,19,9,15,46,32.22,104.57,20,3.4,19/11/2017 9:15
855,2017,11,19,15,50,22,34.85,99.5,10,3.4,19/11/2017 15:50
856,2017,11,20,5,47,9,29.36,104.07,15,3,20/11/2017 5:47
857,2017,12,8,13,2,5,29.37,98.75,6,3.3,8/12/2017 13:02
858,2017,12,15,2,54,26,35.14,101.88,7,5.1,15/12/2017 2:54
859,2017,12,15,20,38,22,35.13,101.88,7,4.4,15/12/2017 20:38
860,2017,12,30,12,13,18,27.9,101.43,12,3.4,30/12/2017 12:13
861,2018,1,5,19,28,50,29.92,106.37,8,3.3,5/1/2018 19:28
862,2018,1,19,1,52,55,32.6,105.35,12,3.1,19/1/2018 1:52
863,2018,1,20,8,36,51,32.06,104.42,20,3.2,20/1/2018 8:36
864,2018,2,2,17,39,23,36.71,106.08,7,3.4,2/2/2018 17:39
865,2018,2,15,11,27,40,27.23,99.97,16,3.3,15/2/2018 11:27
866,2018,2,18,11,44,12,32.28,105.02,20,4.1,18/2/2018 11:44
867,2018,2,22,8,10,48,30.46,101.55,19,3.6,22/2/2018 8:10
868,2018,2,24,17,55,33,30.48,101.54,17,3.5,24/2/2018 17:55
869,2018,2,27,3,0,53,29.4,102.13,18,3.2,27/2/2018 3:00
870,2018,2,27,21,42,30,31.6,103.46,18,3.5,27/2/2018 21:42
871,2018,3,15,14,1,1,29.57,104.78,12,3.4,15/3/2018 14:01
872,2018,3,18,3,31,0,28.12,104.7,10,3.3,18/3/2018 3:31
873,2018,3,25,8,40,38,28.93,105.46,6,3.3,25/3/2018 8:40
874,2018,3,30,9,28,13,29.5,104.55,13,3.1,30/3/2018 9:28
875,2018,4,13,18,16,53,31.02,103.2,21,3.2,13/4/2018 18:16
876,2018,4,15,22,46,33,29.37,105.38,7,3.2,15/4/2018 22:46
877,2018,4,21,5,14,26,31.73,104.13,19,3.3,21/4/2018 5:14
878,2018,5,2,4,28,44,28.5,102.7,14,3.2,2/5/2018 4:28
879,2018,5,2,7,10,51,32.61,105.37,14,3.3,2/5/2018 7:10
880,2018,5,5,0,36,45,28.39,104.77,8,3.6,5/5/2018 0:36
881,2018,5,8,23,11,33,28.1,103.47,7,4,8/5/2018 23:11
882,2018,5,16,16,44,2,29.2,102.26,11,3.3,16/5/2018 16:44
883,2018,5,16,16,46,12,29.23,102.31,10,4.5,16/5/2018 16:46
884,2018,5,16,16,46,41,29.19,102.27,10,4.3,16/5/2018 16:46
885,2018,5,18,2,40,28,27.41,103.96,4,3,18/5/2018 2:40
886,2018,6,8,11,11,37,33.24,98.79,22,3.1,8/6/2018 11:11
887,2018,6,29,8,42,20,32.13,104.65,18,4.2,29/6/2018 8:42
888,2018,7,6,13,19,45,30.36,103.29,20,3.5,6/7/2018 13:19
889,2018,7,13,9,21,37,36.23,106.1,8,3.5,13/7/2018 9:21
890,2018,7,22,8,44,13,33.11,102.34,22,3.4,22/7/2018 8:44
891,2018,7,23,6,43,49,29.55,104.53,14,3.4,23/7/2018 6:43
892,2018,7,23,7,2,4,29.55,104.55,14,4.2,23/7/2018 7:02
893,2018,8,4,22,56,43,27.92,101.35,14,3.5,4/8/2018 22:56
894,2018,8,10,17,9,52,28.12,104.85,5,3,10/8/2018 17:09
895,2018,8,11,1,17,29,27.19,103.9,10,3.1,11/8/2018 1:17
896,2018,8,11,14,11,32,28.62,103.29,14,4.1,11/8/2018 14:11
897,2018,8,14,11,10,58,32.72,97.15,8,3.1,14/8/2018 11:10
898,2018,8,15,21,28,10,27.37,103.95,5,4.3,15/8/2018 21:28
899,2018,8,18,1,36,38,27.4,103.98,10,4.1,18/8/2018 1:36
900,2018,8,29,4,46,42,27.93,101.43,13,3.6,29/8/2018 4:46
901,2018,9,12,19,6,34,32.75,105.67,11,5.3,12/9/2018 19:06
902,2018,9,21,9,51,58,29.48,104.52,10,3.3,21/9/2018 9:51
903,2018,9,23,23,43,28,27.91,101.34,16,3.1,23/9/2018 23:43
904,2018,9,26,1,15,39,29.47,104.54,15,3.1,26/9/2018 1:15
905,2018,10,24,17,58,46,28.92,105.44,5,3.2,24/10/2018 17:58
906,2018,10,30,5,0,4,28.09,103.52,11,3.3,30/10/2018 5:00
907,2018,10,31,16,29,56,27.62,102.09,20,5.1,31/10/2018 16:29
908,2018,11,12,10,26,42,28.24,104.92,8,3.1,12/11/2018 10:26
909,2018,11,20,6,1,11,27.7,102.09,18,3.3,20/11/2018 6:01
910,2018,11,26,14,8,28,29.47,104.49,7,3.1,26/11/2018 14:08
911,2018,12,13,23,32,52,29.6,98.84,10,4.9,13/12/2018 23:32
912,2018,12,13,23,39,44,29.65,98.87,10,4.5,13/12/2018 23:39
913,2018,12,14,1,15,6,29.59,98.8,5,3.3,14/12/2018 1:15
914,2018,12,14,1,38,15,29.6,98.81,6,3.1,14/12/2018 1:38
915,2018,12,14,1,42,40,29.6,98.81,7,3.2,14/12/2018 1:42
916,2018,12,16,12,46,7,28.24,104.95,12,5.7,16/12/2018 12:46
917,2018,12,28,16,21,8,28.15,104.66,7,3.6,28/12/2018 16:21
918,2019,1,3,8,48,8,28.19,104.88,15,5.1,3/1/2019 8:48
919,2019,1,4,15,59,31,28.37,104.93,4,3.2,4/1/2019 15:59
920,2019,1,8,8,49,25,28.49,99.38,14,3.3,8/1/2019 8:49
921,2019,1,11,17,49,50,31.77,102.28,14,3.9,11/1/2019 17:49
922,2019,1,15,23,52,24,28.08,105.06,5,3.5,15/1/2019 23:52
923,2019,1,20,0,38,23,28.25,104.85,8,3.4,20/1/2019 0:38
924,2019,1,20,8,35,49,30.83,103.22,25,3.5,20/1/2019 8:35
925,2019,1,21,21,37,30,28.93,105.42,9,3,21/1/2019 21:37
926,2019,1,23,14,40,37,29.52,104.49,8,3.3,23/1/2019 14:40
927,2019,1,24,15,51,55,36.7,105.21,17,3.4,24/1/2019 15:51
928,2019,1,30,9,53,37,32.29,104.98,20,3.4,30/1/2019 9:53
929,2019,1,31,13,14,59,34.28,102.36,13,3,31/1/2019 13:14
930,2019,2,1,12,12,29,31.36,98.47,7,3.5,1/2/2019 12:12
931,2019,2,2,5,26,6,27.09,100.9,12,4.1,2/2/2019 5:26
932,2019,2,8,0,29,12,29.57,104.79,9,3.1,8/2/2019 0:29
933,2019,2,8,18,0,45,29.05,102.37,23,3.7,8/2/2019 18:00
934,2019,2,10,5,36,1,31.63,104.01,24,3.3,10/2/2019 5:36
935,2019,2,12,10,55,20,29.59,104.79,6,3.2,12/2/2019 10:55
936,2019,2,23,1,42,58,32.62,105.37,15,3.1,23/2/2019 1:42
937,2019,2,23,3,36,33,29.05,97.13,8,3.4,23/2/2019 3:36
938,2019,2,24,5,38,9,29.48,104.49,5,4.4,24/2/2019 5:38
939,2019,2,25,8,40,27,29.48,104.52,5,4.2,25/2/2019 8:40
940,2019,2,25,13,15,58,29.47,104.5,5,4.9,25/2/2019 13:15
941,2019,3,4,2,6,28,28.07,103.53,7,3,4/3/2019 2:06
942,2019,3,8,19,14,30,29.45,104.53,3,3.2,8/3/2019 19:14
943,2019,3,14,13,32,43,34.97,101.84,10,4.3,14/3/2019 13:32
944,2019,3,31,4,8,36,28.92,105.4,19,3,31/3/2019 4:08
945,2019,4,1,11,11,5,31.99,101.82,17,3.5,1/4/2019 11:11
946,2019,4,10,3,51,51,28.07,103.52,5,3.1,10/4/2019 3:51
947,2019,4,16,4,17,43,32.32,105.13,21,3.6,16/4/2019 4:17
948,2019,4,24,23,55,25,28.09,103.33,0,3.1,24/4/2019 23:55
949,2019,4,27,1,19,12,28.15,104.78,10,3.6,27/4/2019 1:19
950,2019,5,2,15,57,59,30.39,102.99,14,4.4,2/5/2019 15:57
951,2019,5,13,14,25,4,34.26,104.8,13,3.2,13/5/2019 14:25
952,2019,5,16,4,33,33,28.06,103.53,10,4.7,16/5/2019 4:33
953,2019,5,18,13,20,1,32.02,104.42,19,3.2,18/5/2019 13:20
954,2019,6,4,2,9,3,27.59,101.21,23,3.2,4/6/2019 2:09
955,2019,6,5,0,32,53,33.31,105.19,9,3.1,5/6/2019 0:32
956,2019,6,5,15,26,58,28.11,103.63,8,4,5/6/2019 15:26
957,2019,6,16,20,51,13,33.36,103.76,15,3.4,16/6/2019 20:51
958,2019,6,17,22,55,43,28.34,104.96,8,6,17/6/2019 22:55
959,2019,6,17,22,56,27,28.42,104.78,8,3.5,17/6/2019 22:56
960,2019,6,17,22,57,33,28.4,104.85,7,3,17/6/2019 22:57
961,2019,6,17,23,2,36,28.4,104.85,3,3.1,17/6/2019 23:02
962,2019,6,17,23,3,7,28.39,104.87,6,3.3,17/6/2019 23:03
963,2019,6,17,23,3,59,28.4,104.84,4,3.1,17/6/2019 23:03
964,2019,6,17,23,9,1,28.4,104.85,3,3.5,17/6/2019 23:09
965,2019,6,17,23,23,31,28.39,104.9,4,3,17/6/2019 23:23
966,2019,6,17,23,36,3,28.47,104.72,10,5.3,17/6/2019 23:36
967,2019,6,18,0,29,8,28.43,104.93,8,4.2,18/6/2019 0:29
968,2019,6,18,0,37,56,28.41,104.95,8,4.3,18/6/2019 0:37
969,2019,6,18,0,39,10,28.36,104.94,3,3.6,18/6/2019 0:39
970,2019,6,18,1,1,24,28.41,104.79,5,3.1,18/6/2019 1:01
971,2019,6,18,2,58,18,28.41,104.81,5,3.1,18/6/2019 2:58
972,2019,6,18,4,11,8,28.43,104.75,8,3.4,18/6/2019 4:11
973,2019,6,18,5,3,24,28.37,104.99,8,4.6,18/6/2019 5:03
974,2019,6,18,5,4,3,28.43,104.8,2,3.7,18/6/2019 5:04
975,2019,6,18,5,49,15,28.41,104.8,7,3.7,18/6/2019 5:49
976,2019,6,18,7,34,32,28.39,104.95,9,5.1,18/6/2019 7:34
977,2019,6,18,8,14,52,28.42,104.81,8,3.4,18/6/2019 8:14
978,2019,6,18,13,23,42,28.42,104.79,7,3.2,18/6/2019 13:23
979,2019,6,18,14,38,36,28.43,104.73,9,3.5,18/6/2019 14:38
980,2019,6,18,18,53,58,28.39,104.86,4,3.1,18/6/2019 18:53
981,2019,6,19,3,25,29,28.41,104.82,6,3,19/6/2019 3:25
982,2019,6,20,1,44,32,28.42,104.75,7,3.2,20/6/2019 1:44
983,2019,6,20,10,55,52,28.4,104.83,5,3,20/6/2019 10:55
984,2019,6,20,13,17,12,28.43,104.75,10,3.1,20/6/2019 13:17
985,2019,6,20,14,28,59,28.43,104.76,8,3.1,20/6/2019 14:28
986,2019,6,20,20,58,45,28.43,104.73,9,3.5,20/6/2019 20:58
987,2019,6,20,22,1,16,28.41,104.75,6,3.6,20/6/2019 22:01
988,2019,6,21,6,56,49,28.44,104.78,5,3.3,21/6/2019 6:56
989,2019,6,21,10,1,36,28.42,104.79,8,3.1,21/6/2019 10:01
990,2019,6,21,15,9,55,28.44,104.76,7,3.4,21/6/2019 15:09
991,2019,6,22,9,28,4,28.42,104.82,8,3.1,22/6/2019 9:28
992,2019,6,22,9,29,24,28.42,104.81,6,3.2,22/6/2019 9:29
993,2019,6,22,20,30,26,28.39,104.83,6,3.4,22/6/2019 20:30
994,2019,6,22,22,29,56,28.4,104.94,10,5.6,22/6/2019 22:29
995,2019,6,23,5,8,23,28.44,104.78,9,3.4,23/6/2019 5:08
996,2019,6,23,8,28,18,28.39,104.82,7,4.5,23/6/2019 8:28
997,2019,6,23,16,6,50,28.33,104.88,3,3.1,23/6/2019 16:06
998,2019,6,24,4,47,22,28.43,104.79,6,3.2,24/6/2019 4:47
999,2019,6,24,7,34,58,28.4,104.84,6,3.6,24/6/2019 7:34
1000,2019,6,24,9,23,15,28.45,104.79,8,4,24/6/2019 9:23
1001,2019,6,26,0,33,17,28.42,104.81,8,3.3,26/6/2019 0:33
1002,2019,6,26,0,33,39,28.42,104.8,5,3.2,26/6/2019 0:33
1003,2019,6,27,4,55,53,28.44,104.8,7,3.3,27/6/2019 4:55
1004,2019,6,27,16,1,20,28.2,104.94,5,3.7,27/6/2019 16:01
1005,2019,6,29,22,8,17,28.44,104.75,8,3.4,29/6/2019 22:08
1006,2019,6,30,3,9,28,31.01,98.98,20,3,30/6/2019 3:09
1007,2019,6,30,21,32,30,28.46,104.8,6,3.1,30/6/2019 21:32
1008,2019,7,3,12,26,53,28.39,104.85,9,4.6,3/7/2019 12:26
1009,2019,7,4,6,45,19,28.4,104.85,8,3.4,4/7/2019 6:45
1010,2019,7,4,10,17,57,28.4,104.78,8,5.5,4/7/2019 10:17
1011,2019,7,19,1,21,28,28.18,104.74,9,3.4,19/7/2019 1:21
1012,2019,7,22,16,26,37,28.39,104.94,8,4,22/7/2019 16:26
1013,2019,7,30,1,4,34,28.2,104.73,9,3.8,30/7/2019 1:04
1014,2019,7,30,5,16,16,27.16,102.86,19,3.4,30/7/2019 5:16
1015,2019,8,7,19,25,16,33.6,105.74,9,3.2,7/8/2019 19:25
1016,2019,8,13,6,31,53,28.37,104.87,10,4.3,13/8/2019 6:31
1017,2019,8,18,20,41,19,28.44,104.78,6,3.3,18/8/2019 20:41
1018,2019,9,1,9,4,50,28.5,98.85,8,3,1/9/2019 9:04
1019,2019,9,2,0,23,45,35.9,104.18,13,3.4,2/9/2019 0:23
1020,2019,9,6,15,25,34,28.45,104.78,7,4.1,6/9/2019 15:25
1021,2019,9,8,6,42,14,29.58,104.82,10,5.4,8/9/2019 6:42
1022,2019,9,8,6,45,51,29.62,104.82,2,3.3,8/9/2019 6:45
1023,2019,9,8,6,46,3,29.59,104.83,4,3.1,8/9/2019 6:46
1024,2019,9,8,10,36,22,29.48,104.51,7,4.2,8/9/2019 10:36
1025,2019,9,10,1,27,43,29.54,104.51,10,4,10/9/2019 1:27
1026,2019,9,12,20,17,54,28.41,104.8,10,4,12/9/2019 20:17
1027,2019,9,17,0,14,7,31.76,103.19,18,3.4,17/9/2019 0:14
1028,2019,9,21,0,33,10,28.24,102.23,12,3.6,21/9/2019 0:33
1029,2019,10,1,4,51,52,30.61,100.38,21,3.3,1/10/2019 4:51
1030,2019,10,9,23,41,9,29.57,104.81,8,3.3,9/10/2019 23:41
1031,2019,10,21,8,25,38,28.37,104.93,3,3.5,21/10/2019 8:25
1032,2019,10,21,11,52,52,30.07,101.89,13,3.2,21/10/2019 11:52
1033,2019,10,28,1,56,49,35.14,102.71,10,5.6,28/10/2019 1:56
1034,2019,10,31,16,3,34,29.07,102.35,21,3.6,31/10/2019 16:03
1035,2019,11,7,5,46,18,28.37,104.96,5,3.2,7/11/2019 5:46
1036,2019,11,10,6,46,53,28.2,105.03,10,4.1,10/11/2019 6:46
1037,2019,11,10,21,28,6,28.44,104.74,7,3.3,10/11/2019 21:28
1038,2019,11,17,6,37,38,31.22,103.56,22,3.5,17/11/2019 6:37
1039,2019,11,17,12,2,37,35.17,102.76,8,3.8,17/11/2019 12:02
1040,2019,11,19,4,14,16,28.23,100.62,14,4,19/11/2019 4:14
1041,2019,11,27,21,3,3,28.4,105.01,10,4.1,27/11/2019 21:03
1042,2019,11,30,23,58,51,27.68,100.93,15,3.5,30/11/2019 23:58
1043,2019,12,9,15,20,56,31.7,104.28,10,4.6,9/12/2019 15:20
1044,2019,12,18,8,14,6,29.6,104.83,14,5.1,18/12/2019 8:14
1045,2019,12,19,3,37,40,31.6,104.22,15,3.1,19/12/2019 3:37
1046,2019,12,20,8,52,3,29.49,104.54,3,3.1,20/12/2019 8:52
1047,2019,12,21,15,35,30,29.48,104.54,3,3.1,21/12/2019 15:35
1048,2019,12,22,0,1,29,29.99,103.2,33,3.1,22/12/2019 0:01
1049,2019,12,22,4,39,28,36.15,98.94,9,3.3,22/12/2019 4:39
1050,2019,12,26,18,45,16,28.44,104.82,4,3.2,26/12/2019 18:45
1051,2019,12,27,3,24,56,32.29,105.01,14,3.8,27/12/2019 3:24
1052,2019,12,29,8,47,13,28.38,104.97,13,4.2,29/12/2019 8:47
1053,2020,1,1,2,48,22,29.49,104.53,5,3.3,1/1/2020 2:48
1054,2020,1,1,11,1,58,29.02,105.01,21,4.2,1/1/2020 11:01
1055,2020,1,8,1,9,39,28.25,104.93,10,4.2,8/1/2020 1:09
1056,2020,1,14,5,31,55,28.24,98.64,7,3.2,14/1/2020 5:31
1057,2020,1,22,15,8,35,31.68,103.12,20,4.6,22/1/2020 15:08
1058,2020,1,23,22,26,31,33.05,98.93,10,4.4,23/1/2020 22:26
1059,2020,1,23,22,57,27,31.67,103.12,18,3,23/1/2020 22:57
1060,2020,1,23,23,30,36,33,98.93,12,3.7,23/1/2020 23:30
1061,2020,1,27,18,55,47,28.84,105.1,11,3.1,27/1/2020 18:55
1062,2020,1,29,22,0,43,32.09,103.49,15,3.1,29/1/2020 22:00
1063,2020,1,30,4,20,14,28.36,104.95,9,3.4,30/1/2020 4:20
1064,2020,2,2,14,35,48,32.44,105.1,22,3.1,2/2/2020 14:35
1065,2020,2,3,0,5,42,30.72,104.46,21,5,3/2/2020 0:05
1066,2020,2,3,23,55,51,28.46,104.75,8,3.7,3/2/2020 23:55
1067,2020,2,7,4,45,9,27.11,103.05,4,3.2,7/2/2020 4:45
1068,2020,2,16,4,28,20,29.48,104.5,10,4.5,16/2/2020 4:28
1069,2020,2,25,16,18,59,29.48,104.54,3,3,25/2/2020 16:18
1070,2020,2,28,7,56,18,28.09,103.52,7,3.7,28/2/2020 7:56
1071,2020,3,5,13,23,34,27.93,101.14,7,3.2,5/3/2020 13:23
1072,2020,3,6,11,34,46,32.63,105.37,17,4,6/3/2020 11:34
1073,2020,3,15,19,26,28,34.95,103.88,11,3.3,15/3/2020 19:26
1074,2020,3,17,10,30,37,28.68,104.99,13,3.5,17/3/2020 10:30
1075,2020,3,18,16,43,41,27.12,103.07,5,3.3,18/3/2020 16:43
1076,2020,4,1,20,23,25,32.99,98.9,10,5.8,1/4/2020 20:23
1077,2020,4,1,20,25,16,32.97,98.97,4,3.6,1/4/2020 20:25
1078,2020,4,2,4,33,23,33,98.89,12,3.2,2/4/2020 4:33
1079,2020,4,9,9,14,24,28.1,104.83,8,3.2,9/4/2020 9:14
1080,2020,4,18,5,35,21,33,98.9,11,3.1,18/4/2020 5:35
1081,2020,4,23,17,4,41,28.43,104.82,8,4.2,23/4/2020 17:04
1082,2020,4,27,9,37,12,28.17,104.78,7,3.2,27/4/2020 9:37
1083,2020,4,27,20,19,33,27.19,103.16,5,3.2,27/4/2020 20:19
1084,2020,5,10,15,42,28,28.14,104.77,6,3.4,10/5/2020 15:42
1085,2020,5,18,21,48,2,27.2,103.16,8,5,18/5/2020 21:48
1086,2020,5,19,4,35,54,27.19,103.15,10,3.3,19/5/2020 4:35
1087,2020,5,22,3,12,50,28.16,104.77,8,3.7,22/5/2020 3:12
1088,2020,5,26,20,34,50,29.02,103.62,19,3.8,26/5/2020 20:34
1089,2020,5,31,12,25,58,28.16,104.76,6,3.1,31/5/2020 12:25
1090,2020,6,1,12,42,5,28.15,104.74,3,3.2,1/6/2020 12:42
1091,2020,6,2,16,39,4,28.15,104.74,8,3.2,2/6/2020 16:39
1092,2020,6,3,2,57,56,31.19,100.87,12,3.6,3/6/2020 2:57
1093,2020,6,12,21,3,38,28.18,104.73,8,4,12/6/2020 21:03
1094,2020,6,21,17,40,4,33.02,98.99,3,3.1,21/6/2020 17:40
1095,2020,6,23,22,12,21,28.15,104.75,9,3.6,23/6/2020 22:12
1096,2020,6,30,1,55,8,28.16,104.75,10,3.7,30/6/2020 1:55
1097,2020,7,2,11,11,36,27.13,104.67,10,4.5,2/7/2020 11:11
1098,2020,7,2,20,44,16,28.34,104.89,5,3.3,2/7/2020 20:44
1099,2020,7,6,11,33,49,28.31,100.68,16,3.1,6/7/2020 11:33
1100,2020,7,12,15,3,25,33.59,102.95,8,4.5,12/7/2020 15:03
1101,2020,7,23,15,54,33,27.74,99.98,9,3.1,23/7/2020 15:54
1102,2020,7,24,18,9,9,28.15,104.76,9,3.3,24/7/2020 18:09
1103,2020,7,27,16,6,59,28.39,104.95,7,3.4,27/7/2020 16:06
1104,2020,8,6,17,8,13,28.41,104.87,10,3.8,6/8/2020 17:08
1105,2020,8,11,13,41,48,28.16,105.07,11,3.7,11/8/2020 13:41
1106,2020,8,14,0,30,31,28.19,105.07,10,3.1,14/8/2020 0:30
1107,2020,8,17,12,43,32,28.15,104.74,12,3,17/8/2020 12:43
1108,2020,8,22,13,36,36,28.2,104.82,8,3.1,22/8/2020 13:36
1109,2020,8,31,19,43,42,28.39,105.04,7,3.1,31/8/2020 19:43
1110,2020,9,8,13,30,14,27.12,103.1,6,3.8,8/9/2020 13:30
1111,2020,9,16,15,3,7,28.45,104.8,6,3.4,16/9/2020 15:03
1112,2020,9,22,18,45,26,30.05,103.01,30,3.1,22/9/2020 18:45
1113,2020,9,24,17,41,11,30.54,101.54,4,3.1,24/9/2020 17:41
1114,2020,9,25,21,42,39,32.07,105.17,18,3.1,25/9/2020 21:42
1115,2020,9,26,4,34,8,28.09,105.08,16,3.8,26/9/2020 4:34
1116,2020,9,26,20,40,35,30.99,103.53,14,3.4,26/9/2020 20:40
1117,2020,9,30,2,49,11,28.08,104.16,13,3.4,30/9/2020 2:49
1118,2020,10,8,6,41,5,31.57,103.04,17,3,8/10/2020 6:41
1119,2020,10,8,21,53,0,32.06,104.55,13,3.2,8/10/2020 21:53
1120,2020,10,19,23,43,42,28.19,104.73,8,3.3,19/10/2020 23:43
1121,2020,10,21,12,4,47,31.84,104.2,8,4.5,21/10/2020 12:04
1122,2020,10,22,11,3,37,31.83,104.18,20,4.8,22/10/2020 11:03
1123,2020,10,25,2,4,32,31.86,104.18,18,3.8,25/10/2020 2:04
1124,2020,10,28,11,54,31,29.51,104.54,2,3.3,28/10/2020 11:54
1125,2020,10,29,4,52,46,27.14,103.93,10,3.2,29/10/2020 4:52
1126,2020,10,31,14,38,8,32.09,105.17,18,3.5,31/10/2020 14:38
1127,2020,10,31,15,44,51,31.49,101,14,3,31/10/2020 15:44
1128,2020,11,7,8,23,29,28.19,104.74,5,3.6,7/11/2020 8:23
1129,2020,11,8,7,10,58,35.18,106.7,14,3.4,8/11/2020 7:10
1130,2020,11,13,3,18,12,28.18,104.72,7,4.3,13/11/2020 3:18
1131,2020,11,23,22,50,44,32.51,105.23,14,3,23/11/2020 22:50
1132,2020,12,5,22,58,12,32.29,104.95,19,3.1,5/12/2020 22:58
1133,2020,12,8,16,49,55,31.57,104.13,18,3.5,8/12/2020 16:49
1134,2020,12,12,11,47,56,28.36,104.95,7,3,12/12/2020 11:47
1135,2020,12,20,20,24,58,27.12,103.28,6,3,20/12/2020 20:24
1136,2020,12,22,5,38,32,31.37,103.87,23,3.1,22/12/2020 5:38
1137,2020,12,24,7,51,49,34.15,98.32,7,4.5,24/12/2020 7:51
1138,2020,12,24,21,6,22,35.96,100.1,9,3.1,24/12/2020 21:06
1139,2020,12,28,20,46,8,33.85,104.48,10,3.9,28/12/2020 20:46
